fung,AI,isolate,date_inoculated,trt,rate_ppm,rep,DPI_germinated,DPI_measured,length_mm,width_mm,sclerotia_length,sclerotia_width,area
Aprovia,Benzovindiflupyr,GD-16-1,9/21/2024,1,0,1,1,7,4.02,3.94,3.88,3.75,1.012221136
Aprovia,Benzovindiflupyr,GD-16-1,9/21/2024,1,0,2,1,7,52.24,37.67,3.24,3.44,1536.816206
Aprovia,Benzovindiflupyr,GD-16-1,9/21/2024,1,0,3,1,7,7.8,3.91,2.56,2.72,18.48418838
Aprovia,Benzovindiflupyr,GD-16-1,9/21/2024,1,0.01,1,1,7,2.8,2.66,2.43,2.13,1.784503137
Aprovia,Benzovindiflupyr,GD-16-1,9/21/2024,1,0.01,2,1,7,3.03,2.69,1.37,1.94,4.314113498
Aprovia,Benzovindiflupyr,GD-16-1,9/21/2024,1,0.01,3,1,7,44.14,35.82,2.23,2.12,1238.075883
Aprovia,Benzovindiflupyr,GD-16-1,9/21/2024,1,0.1,1,,7,4.4,4.98,4.4,4.98,0
Aprovia,Benzovindiflupyr,GD-16-1,9/21/2024,1,0.1,2,2,7,3.91,4.4,3.28,3.09,5.551822443
Aprovia,Benzovindiflupyr,GD-16-1,9/21/2024,1,0.1,3,2,7,4.01,3.98,2.19,2.8,7.718735939
Aprovia,Benzovindiflupyr,GD-16-1,9/21/2024,1,1,1,,7,3.65,3.91,3.65,3.91,0
Aprovia,Benzovindiflupyr,GD-16-1,9/21/2024,1,1,2,,7,3.28,3.75,3.28,3.75,0
Aprovia,Benzovindiflupyr,GD-16-1,9/21/2024,1,1,3,,7,2.75,3.03,2.75,3.03,0
Aprovia,Benzovindiflupyr,GD-16-1,9/21/2024,1,10,1,2,7,5.04,5.49,5.11,4.3,4.474099101
Aprovia,Benzovindiflupyr,GD-16-1,9/21/2024,1,10,2,,7,1.74,1.9,1.74,1.9,0
Aprovia,Benzovindiflupyr,GD-16-1,9/21/2024,1,10,3,2,7,3.64,3.14,2.36,2.33,4.658039348
Aprovia,Benzovindiflupyr,GD-16-1,9/21/2024,1,100,1,,7,1.5,1.67,1.5,1.67,0
Aprovia,Benzovindiflupyr,GD-16-1,9/21/2024,1,100,2,,7,2.74,3.12,2.74,3.12,0
Aprovia,Benzovindiflupyr,GD-16-1,9/21/2024,1,100,3,5,7,23.1,22.28,2.31,2.4,399.8650477
Aprovia,Benzovindiflupyr,GD-16-1,9/21/2024,1,500,1,,7,1.23,1.66,1.23,1.66,0
Aprovia,Benzovindiflupyr,GD-16-1,9/21/2024,1,500,2,,7,3.44,3.13,3.44,3.13,0
Aprovia,Benzovindiflupyr,GD-16-1,9/21/2024,1,500,3,,7,2.25,2.14,2.25,2.14,0
Aprovia,Benzovindiflupyr,GD-16-1,9/21/2024,1,1000,1,,7,2.1,1.83,2.1,1.83,0
Aprovia,Benzovindiflupyr,GD-16-1,9/21/2024,1,1000,2,,7,1.32,1.6,1.32,1.6,0
Aprovia,Benzovindiflupyr,GD-16-1,9/21/2024,1,1000,3,,7,1.63,1.97,1.63,1.97,0
Aprovia,Benzovindiflupyr,GD-16-1,9/21/2024,1,1500,1,,7,2.48,3.42,2.48,3.42,0
Aprovia,Benzovindiflupyr,GD-16-1,9/21/2024,1,1500,2,,7,2.26,2.11,2.26,2.11,0
Aprovia,Benzovindiflupyr,GD-16-1,9/21/2024,1,1500,3,,7,2.11,1.79,2.11,1.79,0
Aprovia,Benzovindiflupyr,GD-16-1,9/21/2024,1,2000,1,,7,2.67,2.43,2.67,2.43,0
Aprovia,Benzovindiflupyr,GD-16-1,9/21/2024,1,2000,2,,7,2.4,2.51,2.4,2.51,0
Aprovia,Benzovindiflupyr,GD-16-1,9/21/2024,1,2000,3,,7,2.27,2.56,2.27,2.56,0
Inspire,Difenoconazole ,GD-16-1,9/21/2024,1,0,1,1,7,11.19,12.36,3.27,3.21,100.3830727
Inspire,Difenoconazole ,GD-16-1,9/21/2024,1,0,2,1,7,4.68,4.67,3.23,3.47,8.362526802
Inspire,Difenoconazole ,GD-16-1,9/21/2024,1,0,3,1,7,52.81,21.28,2.32,3.66,875.9589549
Inspire,Difenoconazole ,GD-16-1,9/21/2024,1,0.01,1,1,7,17.3,30.22,1.69,2.14,407.7703943
Inspire,Difenoconazole ,GD-16-1,9/21/2024,1,0.01,2,1,7,16.1,26.01,1.78,1.48,326.8250618
Inspire,Difenoconazole ,GD-16-1,9/21/2024,1,0.01,3,1,7,3.61,4.65,2.68,2.57,7.774577747
Inspire,Difenoconazole ,GD-16-1,9/21/2024,1,0.1,1,1,7,14.74,12.36,2.37,2.17,139.0496374
Inspire,Difenoconazole ,GD-16-1,9/21/2024,1,0.1,2,1,7,13.3,7.13,2.17,1.49,71.93909333
Inspire,Difenoconazole ,GD-16-1,9/21/2024,1,0.1,3,,7,2.39,2.38,2.39,2.38,0
Inspire,Difenoconazole ,GD-16-1,9/21/2024,1,1,1,3,7,4.84,3.73,3.44,3.31,5.236092386
Inspire,Difenoconazole ,GD-16-1,9/21/2024,1,1,2,2,7,2.66,3.08,2.81,2.86,0.122679191
Inspire,Difenoconazole ,GD-16-1,9/21/2024,1,1,3,1,7,10.32,16.9,1.88,1.9,134.1742784
Inspire,Difenoconazole ,GD-16-1,9/21/2024,1,10,1,2,7,3.94,8.85,3.25,5.06,14.47017552
Inspire,Difenoconazole ,GD-16-1,9/21/2024,1,10,2,5,7,2.4,2.9,2.19,2.54,1.097515375
Inspire,Difenoconazole ,GD-16-1,9/21/2024,1,10,3,,7,3.1,2.4,3.1,2.4,0
Inspire,Difenoconazole ,GD-16-1,9/21/2024,1,100,1,,7,2.98,3.19,2.98,3.19,0
Inspire,Difenoconazole ,GD-16-1,9/21/2024,1,100,2,,7,2.39,2.88,2.39,2.88,0
Inspire,Difenoconazole ,GD-16-1,9/21/2024,1,100,3,,7,3.86,2.59,3.86,2.59,0
Inspire,Difenoconazole ,GD-16-1,9/21/2024,1,500,1,,7,3.55,2.92,3.55,2.92,0
Inspire,Difenoconazole ,GD-16-1,9/21/2024,1,500,2,,7,2.68,3.4,2.68,3.4,0
Inspire,Difenoconazole ,GD-16-1,9/21/2024,1,500,3,,7,2.49,1.85,2.49,1.85,0
Inspire,Difenoconazole ,GD-16-1,9/21/2024,1,1000,1,,7,2.47,2.82,2.47,2.82,0
Inspire,Difenoconazole ,GD-16-1,9/21/2024,1,1000,2,,7,2.72,2.62,2.72,2.62,0
Inspire,Difenoconazole ,GD-16-1,9/21/2024,1,1000,3,,7,1.77,2.01,1.77,2.01,0
Inspire,Difenoconazole ,GD-16-1,9/21/2024,1,1500,1,,7,2.63,2.99,2.63,2.99,0
Inspire,Difenoconazole ,GD-16-1,9/21/2024,1,1500,2,,7,3.05,2.75,3.05,2.75,0
Inspire,Difenoconazole ,GD-16-1,9/21/2024,1,1500,3,,7,2.41,1.69,2.41,1.69,0
Inspire,Difenoconazole ,GD-16-1,9/21/2024,1,2000,1,,7,4.21,3.68,4.21,3.68,0
Inspire,Difenoconazole ,GD-16-1,9/21/2024,1,2000,2,,7,3.35,2.9,3.35,2.9,0
Inspire,Difenoconazole ,GD-16-1,9/21/2024,1,2000,3,,7,1.26,1.81,1.26,1.81,0
Omega,Fluazinam,GD-16-1,9/21/2024,1,0,1,1,7,28.16,7.4,2.5,2.31,159.1287338
Omega,Fluazinam,GD-16-1,9/21/2024,1,0,2,1,7,14.3,15.71,2.37,2.86,171.1184649
Omega,Fluazinam,GD-16-1,9/21/2024,1,0,3,1,7,16.7,30.61,2.25,2.61,396.8730735
Omega,Fluazinam,GD-16-1,9/21/2024,1,0.01,1,1,7,11.56,8.91,3.12,3.36,72.6622094
Omega,Fluazinam,GD-16-1,9/21/2024,1,0.01,2,1,7,6.6,6.74,2.29,2.42,30.58513184
Omega,Fluazinam,GD-16-1,9/21/2024,1,0.01,3,1,7,6.48,4.91,4.05,3.61,13.50594221
Omega,Fluazinam,GD-16-1,9/21/2024,1,0.1,1,,7,3.49,4.06,3.49,4.06,0
Omega,Fluazinam,GD-16-1,9/21/2024,1,0.1,2,2,7,7.83,13.15,2.42,2.25,76.59163489
Omega,Fluazinam,GD-16-1,9/21/2024,1,0.1,3,5,7,8.67,11.75,5.13,4.62,61.39606564
Omega,Fluazinam,GD-16-1,9/21/2024,1,1,1,,7,3.26,3.16,3.26,3.16,0
Omega,Fluazinam,GD-16-1,9/21/2024,1,1,2,3,7,4.28,3.76,3.22,3.05,4.925860117
Omega,Fluazinam,GD-16-1,9/21/2024,1,1,3,,7,2.67,2.91,2.67,2.91,0
Omega,Fluazinam,GD-16-1,9/21/2024,1,10,1,2,7,4.54,5.46,3.84,4.31,6.47010996
Omega,Fluazinam,GD-16-1,9/21/2024,1,10,2,,7,3.61,3.79,3.61,3.79,0
Omega,Fluazinam,GD-16-1,9/21/2024,1,10,3,,7,2.39,2.14,2.39,2.14,0
Omega,Fluazinam,GD-16-1,9/21/2024,1,100,1,,7,2.69,2.59,2.69,2.59,0
Omega,Fluazinam,GD-16-1,9/21/2024,1,100,2,,7,3.05,2.56,3.05,2.56,0
Omega,Fluazinam,GD-16-1,9/21/2024,1,100,3,,7,3.06,3.16,3.06,3.16,0
Omega,Fluazinam,GD-16-1,9/21/2024,1,500,1,,7,4.09,3.91,4.09,3.91,0
Omega,Fluazinam,GD-16-1,9/21/2024,1,500,2,,7,4.32,3.74,4.32,3.74,0
Omega,Fluazinam,GD-16-1,9/21/2024,1,500,3,,7,3.81,2.85,3.81,2.85,0
Omega,Fluazinam,GD-16-1,9/21/2024,1,1000,1,5,7,4.14,4.34,3.94,4.13,1.331564024
Omega,Fluazinam,GD-16-1,9/21/2024,1,1000,2,,7,4.47,4,4.47,4,0
Omega,Fluazinam,GD-16-1,9/21/2024,1,1000,3,,7,3.5,3.2,3.5,3.2,0
Omega,Fluazinam,GD-16-1,9/21/2024,1,1500,1,,7,4.3,4.09,4.3,4.09,0
Omega,Fluazinam,GD-16-1,9/21/2024,1,1500,2,,7,4.46,4.51,4.46,4.51,0
Omega,Fluazinam,GD-16-1,9/21/2024,1,1500,3,,7,2.56,3,2.56,3,0
Omega,Fluazinam,GD-16-1,9/21/2024,1,2000,1,,7,2.84,2.58,2.84,2.58,0
Omega,Fluazinam,GD-16-1,9/21/2024,1,2000,2,,7,3.82,3.61,3.82,3.61,0
Omega,Fluazinam,GD-16-1,9/21/2024,1,2000,3,6,7,3.65,3.99,3.31,3.65,1.949358208
Rhyme,Flutriafol,GD-16-1,9/21/2024,1,0,1,1,7,71.79,48.14,2.9,2.42,2708.800991
Rhyme,Flutriafol,GD-16-1,9/21/2024,1,0,2,1,7,13.63,10.81,3.18,2.38,109.7765917
Rhyme,Flutriafol,GD-16-1,9/21/2024,1,0,3,1,7,29.48,14.72,2.28,2.29,336.7193506
Rhyme,Flutriafol,GD-16-1,9/21/2024,1,0.01,1,1,7,29.8,22.18,2.77,2.76,513.1153769
Rhyme,Flutriafol,GD-16-1,9/21/2024,1,0.01,2,1,7,13.43,14.2,2.27,2.54,145.2516909
Rhyme,Flutriafol,GD-16-1,9/21/2024,1,0.01,3,1,7,3.05,3.06,2.55,2.5,2.323207728
Rhyme,Flutriafol,GD-16-1,9/21/2024,1,0.1,1,1,7,16.9,15.78,3.05,2.93,202.4328389
Rhyme,Flutriafol,GD-16-1,9/21/2024,1,0.1,2,,7,2.41,3.05,2.41,3.05,0
Rhyme,Flutriafol,GD-16-1,9/21/2024,1,0.1,3,1,7,3.18,2.5,2.23,2.5,1.865320606
Rhyme,Flutriafol,GD-16-1,9/21/2024,1,1,1,1,7,29.03,29.02,2.27,2.4,657.3802936
Rhyme,Flutriafol,GD-16-1,9/21/2024,1,1,2,2,7,2.36,4.02,2.21,3.38,1.584462228
Rhyme,Flutriafol,GD-16-1,9/21/2024,1,1,3,2,7,6.98,11.44,2.67,3.43,55.52222996
Rhyme,Flutriafol,GD-16-1,9/21/2024,1,10,1,2,7,65.98,67.97,2.29,2.66,3517.459964
Rhyme,Flutriafol,GD-16-1,9/21/2024,1,10,2,2,7,44.58,14.14,3.44,4.9,481.8458491
Rhyme,Flutriafol,GD-16-1,9/21/2024,1,10,3,1,7,8.12,14.93,2.4,2.32,90.84197746
Rhyme,Flutriafol,GD-16-1,9/21/2024,1,100,1,2,7,5.72,4.96,3.55,4.08,10.90698119
Rhyme,Flutriafol,GD-16-1,9/21/2024,1,100,2,1,7,4.47,3.99,2.98,2.96,7.079971623
Rhyme,Flutriafol,GD-16-1,9/21/2024,1,100,3,,7,1.68,2.34,1.68,2.34,0
Rhyme,Flutriafol,GD-16-1,9/21/2024,1,500,1,2,7,3.95,3.33,2.74,2.4,5.165956332
Rhyme,Flutriafol,GD-16-1,9/21/2024,1,500,2,,7,2.51,3.23,2.51,3.23,0
Rhyme,Flutriafol,GD-16-1,9/21/2024,1,500,3,,7,2.78,2.51,2.78,2.51,0
Rhyme,Flutriafol,GD-16-1,9/21/2024,1,1000,1,,7,3.71,2.78,3.71,2.78,0
Rhyme,Flutriafol,GD-16-1,9/21/2024,1,1000,2,,7,2.04,1.52,2.04,1.52,0
Rhyme,Flutriafol,GD-16-1,9/21/2024,1,1000,3,,7,4.06,3.84,4.06,3.84,0
Rhyme,Flutriafol,GD-16-1,9/21/2024,1,1500,1,,7,2.95,2.94,2.95,2.94,0
Rhyme,Flutriafol,GD-16-1,9/21/2024,1,1500,2,,7,3.55,3.07,3.55,3.07,0
Rhyme,Flutriafol,GD-16-1,9/21/2024,1,1500,3,,7,4.05,4.73,4.05,4.73,0
Rhyme,Flutriafol,GD-16-1,9/21/2024,1,2000,1,,7,3.23,3.09,3.23,3.09,0
Rhyme,Flutriafol,GD-16-1,9/21/2024,1,2000,2,,7,3.9,3.54,3.9,3.54,0
Rhyme,Flutriafol,GD-16-1,9/21/2024,1,2000,3,,7,2.18,2.05,2.18,2.05,0
Miravis,Pydiflumetofen,GD-16-1,9/27/2024,1,0,1,1,7,12.56,16.69,3.19,3.07,156.948547
Miravis,Pydiflumetofen,GD-16-1,9/27/2024,1,0,2,1,7,7.26,7.03,4.26,4.16,26.16648185
Miravis,Pydiflumetofen,GD-16-1,9/27/2024,1,0,3,1,7,4.08,2.13,1,1.49,5.655180839
Miravis,Pydiflumetofen,GD-16-1,9/27/2024,1,0.01,1,3,7,4.52,4.42,1.09,1.81,14.14148639
Miravis,Pydiflumetofen,GD-16-1,9/27/2024,1,0.01,2,1,7,5.13,5.43,2.76,2.01,17.52089755
Miravis,Pydiflumetofen,GD-16-1,9/27/2024,1,0.01,3,1,7,11.53,7.63,1.78,2.09,66.17270011
Miravis,Pydiflumetofen,GD-16-1,9/27/2024,1,0.1,1,4,7,3.88,3.4,1.71,1.96,7.728631955
Miravis,Pydiflumetofen,GD-16-1,9/27/2024,1,0.1,2,,7,2.68,2.48,2.68,2.48,0
Miravis,Pydiflumetofen,GD-16-1,9/27/2024,1,0.1,3,4,7,5.04,5.1,2.78,2.61,14.48918215
Miravis,Pydiflumetofen,GD-16-1,9/27/2024,1,1,1,,7,2.5,3.32,2.5,3.32,0
Miravis,Pydiflumetofen,GD-16-1,9/27/2024,1,1,2,2,7,3.09,2.8,1.09,2.35,4.783467433
Miravis,Pydiflumetofen,GD-16-1,9/27/2024,1,1,3,2,7,5.46,4.38,2.81,2.64,12.95624204
Miravis,Pydiflumetofen,GD-16-1,9/27/2024,1,10,1,,7,3.56,2.54,3.56,2.54,0
Miravis,Pydiflumetofen,GD-16-1,9/27/2024,1,10,2,4,7,4.94,3.09,2.25,2.26,7.995039008
Miravis,Pydiflumetofen,GD-16-1,9/27/2024,1,10,3,,7,3.08,2.57,3.08,2.57,0
Miravis,Pydiflumetofen,GD-16-1,9/27/2024,1,100,1,4,7,4.94,4.87,3.04,2.77,12.28127087
Miravis,Pydiflumetofen,GD-16-1,9/27/2024,1,100,2,1,7,6.25,5.73,3.45,3.29,19.21240955
Miravis,Pydiflumetofen,GD-16-1,9/27/2024,1,100,3,6,7,5.42,5.44,2.54,3.14,16.89328589
Miravis,Pydiflumetofen,GD-16-1,9/27/2024,1,500,1,,7,2.38,2.04,2.38,2.04,0
Miravis,Pydiflumetofen,GD-16-1,9/27/2024,1,500,2,,7,1.86,1.44,1.86,1.44,0
Miravis,Pydiflumetofen,GD-16-1,9/27/2024,1,500,3,,7,2.44,2.36,2.44,2.36,0
Miravis,Pydiflumetofen,GD-16-1,9/27/2024,1,1000,1,,7,4.96,4.24,4.96,4.24,0
Miravis,Pydiflumetofen,GD-16-1,9/27/2024,1,1000,2,,7,1.3,1.27,1.3,1.27,0
Miravis,Pydiflumetofen,GD-16-1,9/27/2024,1,1000,3,,7,3.03,3.75,3.03,3.75,0
Miravis,Pydiflumetofen,GD-16-1,9/27/2024,1,1500,1,,7,3.41,3.05,3.41,3.05,0
Miravis,Pydiflumetofen,GD-16-1,9/27/2024,1,1500,2,,7,2.65,2.49,2.65,2.49,0
Miravis,Pydiflumetofen,GD-16-1,9/27/2024,1,1500,3,,7,4.3,3.81,4.3,3.81,0
Miravis,Pydiflumetofen,GD-16-1,9/27/2024,1,2000,1,,7,2.4,2.14,2.4,2.14,0
Miravis,Pydiflumetofen,GD-16-1,9/27/2024,1,2000,2,,7,3.56,3.3,3.56,3.3,0
Miravis,Pydiflumetofen,GD-16-1,9/27/2024,1,2000,3,,7,3.17,3.03,3.17,3.03,0
Vellum Prime,Fluopyram,GD-16-1,9/27/2024,0,0,1,3,7,2.72,2.64,1.08,1.04,4.757627833
Vellum Prime,Fluopyram,GD-16-1,9/27/2024,0,0,2,2,7,2.81,2.65,1.64,1.65,3.72317993
Vellum Prime,Fluopyram,GD-16-1,9/27/2024,0,0,3,1,7,7.01,6.08,2.92,2.84,26.96114769
Vellum Prime,Fluopyram,GD-16-1,9/27/2024,0,0.01,1,1,7,6.91,3.06,1.86,1.95,13.75829063
Vellum Prime,Fluopyram,GD-16-1,9/27/2024,0,0.01,2,,7,1.94,1.89,1.94,1.89,0
Vellum Prime,Fluopyram,GD-16-1,9/27/2024,0,0.01,3,4,7,2.56,2.92,2.05,1.58,3.327103643
Vellum Prime,Fluopyram,GD-16-1,9/27/2024,0,0.1,1,1,7,3.4,3.78,2.01,2.74,5.768435252
Vellum Prime,Fluopyram,GD-16-1,9/27/2024,0,0.1,2,5,7,2.64,2.89,1.9,1.73,3.410670006
Vellum Prime,Fluopyram,GD-16-1,9/27/2024,0,0.1,3,3,7,6.5,5.43,2.75,2.85,21.5650697
Vellum Prime,Fluopyram,GD-16-1,9/27/2024,0,1,1,1,7,2.9,3.01,1.93,1.81,4.112109094
Vellum Prime,Fluopyram,GD-16-1,9/27/2024,0,1,2,1,7,4.26,4.04,3.05,2.94,6.47435111
Vellum Prime,Fluopyram,GD-16-1,9/27/2024,0,1,3,1,7,9.74,9.49,2.68,2.01,68.36561029
Vellum Prime,Fluopyram,GD-16-1,9/27/2024,0,10,1,,7,2.61,2.75,2.61,2.75,0
Vellum Prime,Fluopyram,GD-16-1,9/27/2024,0,10,2,3,7,5.03,4.77,3.24,3.09,10.98104423
Vellum Prime,Fluopyram,GD-16-1,9/27/2024,0,10,3,1,7,4.82,4.64,4.13,2.46,9.585784421
Vellum Prime,Fluopyram,GD-16-1,9/27/2024,0,100,1,,7,3.41,2.35,3.41,2.35,0
Vellum Prime,Fluopyram,GD-16-1,9/27/2024,0,100,2,6,7,5.24,4.08,2.64,2.05,12.54060934
Vellum Prime,Fluopyram,GD-16-1,9/27/2024,0,100,3,,7,4.01,3.57,4.01,3.57,0
Vellum Prime,Fluopyram,GD-16-1,9/27/2024,0,500,1,4,7,7.97,5.24,2.94,3.06,25.73466994
Vellum Prime,Fluopyram,GD-16-1,9/27/2024,0,500,2,,7,4.46,4.12,4.46,4.12,0
Vellum Prime,Fluopyram,GD-16-1,9/27/2024,0,500,3,,7,2.61,2.6,2.61,2.6,0
Vellum Prime,Fluopyram,GD-16-1,9/27/2024,0,1000,1,2,7,2.34,2.24,2.34,2.24,0
Vellum Prime,Fluopyram,GD-16-1,9/27/2024,0,1000,2,,7,2.64,2.87,2.64,2.87,0
Vellum Prime,Fluopyram,GD-16-1,9/27/2024,0,1000,3,,7,3.25,2.89,3.25,2.89,0
Vellum Prime,Fluopyram,GD-16-1,9/27/2024,0,1500,1,,7,3.68,3.48,3.68,3.48,0
Vellum Prime,Fluopyram,GD-16-1,9/27/2024,0,1500,2,,7,1.85,1.45,1.85,1.45,0
Vellum Prime,Fluopyram,GD-16-1,9/27/2024,0,1500,3,4,7,4.33,3.45,3.45,2.39,5.256669818
Vellum Prime,Fluopyram,GD-16-1,9/27/2024,0,2000,1,2,7,5.01,4.38,3.86,3.74,5.896298071
Vellum Prime,Fluopyram,GD-16-1,9/27/2024,0,2000,2,,7,2.5,2.36,2.5,2.36,0
Vellum Prime,Fluopyram,GD-16-1,9/27/2024,0,2000,3,,7,4.25,4.01,4.25,4.01,0
Cabrio,Pyraclostrobin,GD-16-1,9/27/2024,0,0,1,1,7,4.28,5.18,2.09,2.35,13.55510813
Cabrio,Pyraclostrobin,GD-16-1,9/27/2024,0,0,2,1,7,2.54,3.13,1.52,2.18,3.641577062
Cabrio,Pyraclostrobin,GD-16-1,9/27/2024,0,0,3,5,7,4.4,4.32,3.04,2.83,8.171910671
Cabrio,Pyraclostrobin,GD-16-1,9/27/2024,0,0.01,1,1,7,29.75,17.56,3.19,2.79,403.3097255
Cabrio,Pyraclostrobin,GD-16-1,9/27/2024,0,0.01,2,4,7,4.38,3.85,2.68,2.45,8.087244751
Cabrio,Pyraclostrobin,GD-16-1,9/27/2024,0,0.01,3,,7,2.92,2.71,2.92,2.71,0
Cabrio,Pyraclostrobin,GD-16-1,9/27/2024,0,0.1,1,2,7,4.12,5.24,3.69,3.44,6.986273624
Cabrio,Pyraclostrobin,GD-16-1,9/27/2024,0,0.1,2,1,7,10.52,7.03,4.97,2.63,47.81857366
Cabrio,Pyraclostrobin,GD-16-1,9/27/2024,0,0.1,3,,7,3.42,3.6,3.42,3.6,0
Cabrio,Pyraclostrobin,GD-16-1,9/27/2024,0,1,1,2,7,4.04,4.05,1.79,3.07,8.534686077
Cabrio,Pyraclostrobin,GD-16-1,9/27/2024,0,1,2,3,7,6.32,5.6,4.25,3.86,14.91235467
Cabrio,Pyraclostrobin,GD-16-1,9/27/2024,0,1,3,1,7,3.44,5.52,1.85,2.88,10.72916705
Cabrio,Pyraclostrobin,GD-16-1,9/27/2024,0,10,1,1,7,3.92,3.95,2.81,2.8,5.98159231
Cabrio,Pyraclostrobin,GD-16-1,9/27/2024,0,10,2,2,7,10.82,12.75,2.1,3.93,101.8677109
Cabrio,Pyraclostrobin,GD-16-1,9/27/2024,0,10,3,2,7,2.75,3.66,2.64,2.41,2.90801519
Cabrio,Pyraclostrobin,GD-16-1,9/27/2024,0,100,1,,7,3.2,3.54,3.2,3.54,0
Cabrio,Pyraclostrobin,GD-16-1,9/27/2024,0,100,2,3,7,5.2,2.31,2.3,1.85,6.09233345
Cabrio,Pyraclostrobin,GD-16-1,9/27/2024,0,100,3,2,7,4.6,3.83,2.38,2.34,9.46310523
Cabrio,Pyraclostrobin,GD-16-1,9/27/2024,0,500,1,2,7,5.22,4.58,2.5,2.38,14.10386582
Cabrio,Pyraclostrobin,GD-16-1,9/27/2024,0,500,2,1,7,8.96,12.43,6.41,6.5,54.74837716
Cabrio,Pyraclostrobin,GD-16-1,9/27/2024,0,500,3,2,7,12.33,11.12,2.5,2.4,102.9732373
Cabrio,Pyraclostrobin,GD-16-1,9/27/2024,0,1000,1,,7,3.95,3.8,3.95,3.8,0
Cabrio,Pyraclostrobin,GD-16-1,9/27/2024,0,1000,2,3,7,9.04,4.51,3.2,3.19,24.00365242
Cabrio,Pyraclostrobin,GD-16-1,9/27/2024,0,1000,3,1,7,51.83,54.54,2.66,2.34,2215.281298
Cabrio,Pyraclostrobin,GD-16-1,9/27/2024,0,1500,1,1,7,50.01,48.87,3.82,3.09,1910.233521
Cabrio,Pyraclostrobin,GD-16-1,9/27/2024,0,1500,2,1,7,82.53,78.25,2.49,2.15,5067.875025
Cabrio,Pyraclostrobin,GD-16-1,9/27/2024,0,1500,3,2,7,3.05,3.99,2.14,2.11,6.01151598
Cabrio,Pyraclostrobin,GD-16-1,9/27/2024,0,2000,1,1,7,83.49,54.22,2.59,2.34,3550.602195
Cabrio,Pyraclostrobin,GD-16-1,9/27/2024,0,2000,2,1,7,55.36,36.37,2.71,3.01,1574.947993
Cabrio,Pyraclostrobin,GD-16-1,9/27/2024,0,2000,3,1,7,9.78,9.43,2.81,3.31,65.12859181
Fontelis,Penthiopyrad,GD-16-1,9/27/2024,0,0,1,4,7,2.58,2.21,1.79,1.62,2.200685616
Fontelis,Penthiopyrad,GD-16-1,9/27/2024,0,0,2,1,7,5.4,4.97,3.61,4.62,7.979488124
Fontelis,Penthiopyrad,GD-16-1,9/27/2024,0,0,3,3,7,11.58,3.4,1.58,2.87,27.36122951
Fontelis,Penthiopyrad,GD-16-1,9/27/2024,0,0.01,1,3,7,19.95,15.54,2.74,2.72,237.6380753
Fontelis,Penthiopyrad,GD-16-1,9/27/2024,0,0.01,2,4,7,70.92,68.71,2.64,2.37,3822.262933
Fontelis,Penthiopyrad,GD-16-1,9/27/2024,0,0.01,3,5,7,3.31,3.3,2.87,2.86,2.132198898
Fontelis,Penthiopyrad,GD-16-1,9/27/2024,0,0.1,1,3,7,4.96,4.05,2.96,2.76,9.360689311
Fontelis,Penthiopyrad,GD-16-1,9/27/2024,0,0.1,2,3,7,6.05,5.1,2.01,1.93,21.18666487
Fontelis,Penthiopyrad,GD-16-1,9/27/2024,0,0.1,3,3,7,2.47,2.95,2.01,2.43,1.886683436
Fontelis,Penthiopyrad,GD-16-1,9/27/2024,0,1,1,1,7,5.3,4.64,3.8,3.62,8.510574353
Fontelis,Penthiopyrad,GD-16-1,9/27/2024,0,1,2,,7,3.04,2.81,3.04,2.81,0
Fontelis,Penthiopyrad,GD-16-1,9/27/2024,0,1,3,3,7,3.77,3.41,2.46,2.81,4.667699745
Fontelis,Penthiopyrad,GD-16-1,9/27/2024,0,10,1,3,7,4.15,3.34,1.9,2.03,7.857123093
Fontelis,Penthiopyrad,GD-16-1,9/27/2024,0,10,2,5,7,4.88,3.4,2.72,3.37,5.832052503
Fontelis,Penthiopyrad,GD-16-1,9/27/2024,0,10,3,,7,2.15,2.34,2.15,2.34,0
Fontelis,Penthiopyrad,GD-16-1,9/27/2024,0,100,1,1,7,7.06,7.81,4.19,4.52,28.43125595
Fontelis,Penthiopyrad,GD-16-1,9/27/2024,0,100,2,3,7,4.55,4.33,4.32,4.15,1.392903619
Fontelis,Penthiopyrad,GD-16-1,9/27/2024,0,100,3,2,7,4.52,4.98,2.22,2.71,12.95388585
Fontelis,Penthiopyrad,GD-16-1,9/27/2024,0,500,1,3,7,2.86,3.53,2.39,2.72,2.823506349
Fontelis,Penthiopyrad,GD-16-1,9/27/2024,0,500,2,3,7,4.25,5.37,3.79,3.47,7.595742588
Fontelis,Penthiopyrad,GD-16-1,9/27/2024,0,500,3,,7,3.69,3.53,3.69,3.53,0
Fontelis,Penthiopyrad,GD-16-1,9/27/2024,0,1000,1,4,7,69.35,65.4,3.1,3.13,3554.544737
Fontelis,Penthiopyrad,GD-16-1,9/27/2024,0,1000,2,,7,2.37,2.51,2.37,2.51,0
Fontelis,Penthiopyrad,GD-16-1,9/27/2024,0,1000,3,1,7,2.93,2.75,2.11,1.28,4.20714227
Fontelis,Penthiopyrad,GD-16-1,9/27/2024,0,1500,1,3,7,8.3,8.03,5.41,6,26.85197735
Fontelis,Penthiopyrad,GD-16-1,9/27/2024,0,1500,2,,7,1.97,2.21,1.97,2.21,0
Fontelis,Penthiopyrad,GD-16-1,9/27/2024,0,1500,3,5,7,8.19,7.69,3.47,4.3,37.74631363
Fontelis,Penthiopyrad,GD-16-1,9/27/2024,0,2000,1,4,7,7.08,6.9,3.2,3.35,29.94880226
Fontelis,Penthiopyrad,GD-16-1,9/27/2024,0,2000,2,4,7,7.9,7.67,3.04,2.42,41.81161299
Fontelis,Penthiopyrad,GD-16-1,9/27/2024,0,2000,3,5,7,17.86,15.25,5.12,4.77,194.7336593
Aprovia,Benzovindiflupyr,GD-16-1,11/5/2024,2,0,1,1,7,21.3,1788,4.06,5.09,29895.18674
Aprovia,Benzovindiflupyr,GD-16-1,11/5/2024,2,0,2,1,7,69.3,58.96,3.26,2.76,3202.013594
Aprovia,Benzovindiflupyr,GD-16-1,11/5/2024,2,0,3,1,7,14.22,17.17,4.05,3.81,179.6416841
Aprovia,Benzovindiflupyr,GD-16-1,11/5/2024,2,0.01,1,1,7,3.9,4.3,3.88,4.21,0.341805275
Aprovia,Benzovindiflupyr,GD-16-1,11/5/2024,2,0.01,2,1,7,10.7,10.2,2.84,2.75,79.58439454
Aprovia,Benzovindiflupyr,GD-16-1,11/5/2024,2,0.01,3,1,7,11.28,12.59,2.04,3.99,105.1456486
Aprovia,Benzovindiflupyr,GD-16-1,11/5/2024,2,0.1,1,1,7,13.4,13.77,2.74,2.9,138.6793221
Aprovia,Benzovindiflupyr,GD-16-1,11/5/2024,2,0.1,2,1,7,15.35,17.14,5.17,4.8,187.1470274
Aprovia,Benzovindiflupyr,GD-16-1,11/5/2024,2,0.1,3,2,7,3.35,3.76,3.2,3.19,1.875530782
Aprovia,Benzovindiflupyr,GD-16-1,11/5/2024,2,1,1,1,7,14.58,15.76,3.55,3.41,170.9617779
Aprovia,Benzovindiflupyr,GD-16-1,11/5/2024,2,1,2,1,7,13.19,13.3,3.27,2.96,130.1780155
Aprovia,Benzovindiflupyr,GD-16-1,11/5/2024,2,1,3,1,7,3.6,3.76,1.87,1.63,8.237177257
Aprovia,Benzovindiflupyr,GD-16-1,11/5/2024,2,10,1,1,7,18.07,11.81,3.16,3.06,160.0147414
Aprovia,Benzovindiflupyr,GD-16-1,11/5/2024,2,10,2,1,7,28.15,28.71,3.01,2.76,628.2234083
Aprovia,Benzovindiflupyr,GD-16-1,11/5/2024,2,10,3,,7,3.94,3.68,3.24,3.33,2.913827137
Aprovia,Benzovindiflupyr,GD-16-1,11/5/2024,2,100,1,2,7,15.24,11.45,4.43,3.9,123.4810825
Aprovia,Benzovindiflupyr,GD-16-1,11/5/2024,2,100,2,,7,2.35,2.11,2.35,2.11,0
Aprovia,Benzovindiflupyr,GD-16-1,11/5/2024,2,100,3,2,7,5.59,6.99,2.8,2.58,25.01500962
Aprovia,Benzovindiflupyr,GD-16-1,11/5/2024,2,500,1,5,7,26.21,27.83,3.15,3.05,565.3427831
Aprovia,Benzovindiflupyr,GD-16-1,11/5/2024,2,500,2,,7,1.89,2.22,1.89,2.22,0
Aprovia,Benzovindiflupyr,GD-16-1,11/5/2024,2,500,3,,7,2.74,2.33,2.74,2.33,0
Aprovia,Benzovindiflupyr,GD-16-1,11/5/2024,2,1000,1,6,7,5.73,4.35,2.91,2.78,13.22272763
Aprovia,Benzovindiflupyr,GD-16-1,11/5/2024,2,1000,2,,7,2.97,2.88,2.97,2.88,0
Aprovia,Benzovindiflupyr,GD-16-1,11/5/2024,2,1000,3,,7,3.35,3.68,3.35,3.68,0
Aprovia,Benzovindiflupyr,GD-16-1,11/5/2024,2,1500,1,7,7,3.35,3.27,2.18,2.07,5.059456342
Aprovia,Benzovindiflupyr,GD-16-1,11/5/2024,2,1500,2,,7,2.98,2.09,2.98,2.09,0
Aprovia,Benzovindiflupyr,GD-16-1,11/5/2024,2,1500,3,,7,3.64,3.9,3.64,3.9,0
Aprovia,Benzovindiflupyr,GD-16-1,11/5/2024,2,2000,1,,7,2.43,2.22,2.43,2.22,0
Aprovia,Benzovindiflupyr,GD-16-1,11/5/2024,2,2000,2,,7,2.3,3.95,2.3,3.95,0
Aprovia,Benzovindiflupyr,GD-16-1,11/5/2024,2,2000,3,,7,2.56,2.57,2.56,2.57,0
Fontelis,Penthiopyrad,GD-16-1,11/5/2024,1,0,1,1,7,56.6,53.51,3.1,3,2371.404471
Fontelis,Penthiopyrad,GD-16-1,11/5/2024,1,0,2,1,7,29.3,21.47,3.55,3.48,484.3683909
Fontelis,Penthiopyrad,GD-16-1,11/5/2024,1,0,3,1,7,6.7,7.93,2.73,3.67,33.8600065
Fontelis,Penthiopyrad,GD-16-1,11/5/2024,1,0.01,1,1,7,3.95,4.34,3.6,3.21,4.388019464
Fontelis,Penthiopyrad,GD-16-1,11/5/2024,1,0.01,2,1,7,12.74,8.71,4.3,3.9,73.9808929
Fontelis,Penthiopyrad,GD-16-1,11/5/2024,1,0.01,3,1,7,9.65,5.14,3.37,6.41,21.99059842
Fontelis,Penthiopyrad,GD-16-1,11/5/2024,1,0.1,1,1,7,11.28,4.25,3.63,3.84,26.70416542
Fontelis,Penthiopyrad,GD-16-1,11/5/2024,1,0.1,2,1,7,52.57,26.34,2.86,2.72,1081.42618
Fontelis,Penthiopyrad,GD-16-1,11/5/2024,1,0.1,3,1,7,4.4,4.86,3.5,4.04,5.689424199
Fontelis,Penthiopyrad,GD-16-1,11/5/2024,1,1,1,1,7,3.59,3.32,4.01,3.76,-2.480915676
Fontelis,Penthiopyrad,GD-16-1,11/5/2024,1,1,2,1,7,6.09,6.62,3.3,3.28,23.16280516
Fontelis,Penthiopyrad,GD-16-1,11/5/2024,1,1,3,1,7,3.53,3.39,1.56,1.62,7.413765837
Fontelis,Penthiopyrad,GD-16-1,11/5/2024,1,10,1,1,7,18.32,21.62,6.61,4.11,289.7422525
Fontelis,Penthiopyrad,GD-16-1,11/5/2024,1,10,2,1,7,34.02,37.95,1.91,2.58,1010.125065
Fontelis,Penthiopyrad,GD-16-1,11/5/2024,1,10,3,1,7,4.82,5.04,4.8,3,7.769786818
Fontelis,Penthiopyrad,GD-16-1,11/5/2024,1,100,1,3,7,33.1,40.42,2.89,2.72,1044.611898
Fontelis,Penthiopyrad,GD-16-1,11/5/2024,1,100,2,2,7,8.93,7.26,5.77,4.87,28.84916631
Fontelis,Penthiopyrad,GD-16-1,11/5/2024,1,100,3,3,7,46.65,35.97,2.45,2.46,1313.164894
Fontelis,Penthiopyrad,GD-16-1,11/5/2024,1,500,1,5,7,35.3,29.27,5.7,5.33,787.6365347
Fontelis,Penthiopyrad,GD-16-1,11/5/2024,1,500,2,4,7,36.46,34.12,3.59,3.47,967.2632963
Fontelis,Penthiopyrad,GD-16-1,11/5/2024,1,500,3,5,7,5.03,3.65,3.01,2.99,7.351012525
Fontelis,Penthiopyrad,GD-16-1,11/5/2024,1,1000,1,1,7,10.16,8.48,6.82,6.5,32.85069134
Fontelis,Penthiopyrad,GD-16-1,11/5/2024,1,1000,2,3,7,57.19,50.57,4.09,3.78,2259.306242
Fontelis,Penthiopyrad,GD-16-1,11/5/2024,1,1000,3,3,7,7.57,6.1,2.65,2.41,31.25138509
Fontelis,Penthiopyrad,GD-16-1,11/5/2024,1,1500,1,2,7,4.64,4.52,2.87,2.62,10.56627547
Fontelis,Penthiopyrad,GD-16-1,11/5/2024,1,1500,2,5,7,42.59,39.02,5.29,5.48,1282.455119
Fontelis,Penthiopyrad,GD-16-1,11/5/2024,1,1500,3,,7,4.61,4.95,4.61,4.95,0
Fontelis,Penthiopyrad,GD-16-1,11/5/2024,1,2000,1,1,7,4.04,2.58,3.81,2.6,0.406207923
Fontelis,Penthiopyrad,GD-16-1,11/5/2024,1,2000,2,2,7,4.22,4.62,4.26,3.48,3.669065998
Fontelis,Penthiopyrad,GD-16-1,11/5/2024,1,2000,3,2,7,5.57,5.98,3.24,3.01,18.5009959
Miravis,Pydiflumetofen,GD-16-1,11/5/2024,2,0,1,1,7,17.33,10.84,2.85,2.77,141.3423716
Miravis,Pydiflumetofen,GD-16-1,11/5/2024,2,0,2,1,7,35.53,30.77,2.06,2.08,855.2776152
Miravis,Pydiflumetofen,GD-16-1,11/5/2024,2,0,3,1,7,5.91,4.3,3.68,4.07,8.195943855
Miravis,Pydiflumetofen,GD-16-1,11/5/2024,2,0.01,1,2,7,6.7,10.22,2.74,3.32,46.63474303
Miravis,Pydiflumetofen,GD-16-1,11/5/2024,2,0.01,2,1,7,10.28,9.15,1.88,2.25,70.55388661
Miravis,Pydiflumetofen,GD-16-1,11/5/2024,2,0.01,3,1,7,12.53,9.51,6.35,5.72,65.06104757
Miravis,Pydiflumetofen,GD-16-1,11/5/2024,2,0.1,1,1,7,21.96,14.7,2.75,2.84,247.401988
Miravis,Pydiflumetofen,GD-16-1,11/5/2024,2,0.1,2,1,7,15.93,17.01,1.46,1.61,210.97263
Miravis,Pydiflumetofen,GD-16-1,11/5/2024,2,0.1,3,1,7,4.22,3.91,3.16,2.85,5.885930816
Miravis,Pydiflumetofen,GD-16-1,11/5/2024,2,1,1,1,7,8.31,8.73,3.03,2.88,50.12403139
Miravis,Pydiflumetofen,GD-16-1,11/5/2024,2,1,2,1,7,4.62,5.11,2.74,2.92,12.25802309
Miravis,Pydiflumetofen,GD-16-1,11/5/2024,2,1,3,1,7,35.88,30.36,1.11,1.52,854.2222757
Miravis,Pydiflumetofen,GD-16-1,11/5/2024,2,10,1,1,7,7.93,8.7,2.77,2.58,48.57247735
Miravis,Pydiflumetofen,GD-16-1,11/5/2024,2,10,2,1,7,2.7,2.88,2.71,2.6,0.57334065
Miravis,Pydiflumetofen,GD-16-1,11/5/2024,2,10,3,2,7,5.36,5.7,4.23,4.14,10.2414348
Miravis,Pydiflumetofen,GD-16-1,11/5/2024,2,100,1,1,7,15.84,14.69,3.07,2.98,175.5686878
Miravis,Pydiflumetofen,GD-16-1,11/5/2024,2,100,2,4,7,53.26,48.56,2.05,1.88,2028.252709
Miravis,Pydiflumetofen,GD-16-1,11/5/2024,2,100,3,4,7,2.14,2.67,1.85,2.16,1.349156942
Miravis,Pydiflumetofen,GD-16-1,11/5/2024,2,500,1,5,7,7.14,5.85,3.26,3.9,22.81974325
Miravis,Pydiflumetofen,GD-16-1,11/5/2024,2,500,2,5,7,36.57,36.77,3,2.68,1049.793719
Miravis,Pydiflumetofen,GD-16-1,11/5/2024,2,500,3,5,7,24.07,25.72,2.29,1.85,482.8972616
Miravis,Pydiflumetofen,GD-16-1,11/5/2024,2,1000,1,,7,1.79,2.09,1.79,2.09,0
Miravis,Pydiflumetofen,GD-16-1,11/5/2024,2,1000,2,,7,3.96,3.85,3.96,3.85,0
Miravis,Pydiflumetofen,GD-16-1,11/5/2024,2,1000,3,6,7,8.54,9.54,5.12,4.36,46.45504394
Miravis,Pydiflumetofen,GD-16-1,11/5/2024,2,1500,1,,7,2.69,3.1,2.69,3.1,0
Miravis,Pydiflumetofen,GD-16-1,11/5/2024,2,1500,2,,7,1.9,2.93,1.9,2.93,0
Miravis,Pydiflumetofen,GD-16-1,11/5/2024,2,1500,3,,7,3,2.98,3,2.98,0
Miravis,Pydiflumetofen,GD-16-1,11/5/2024,2,2000,1,,7,2.9,3.16,2.9,3.16,0
Miravis,Pydiflumetofen,GD-16-1,11/5/2024,2,2000,2,7,7,4,4.36,2.76,2.81,7.606109844
Miravis,Pydiflumetofen,GD-16-1,11/5/2024,2,2000,3,,7,1.06,1.23,1.06,1.23,0
Cabrio,Pyraclostrobin,GD-16-1,11/5/2024,1,0,1,1,7,75.99,59.45,1.01,0.92,3547.38921
Cabrio,Pyraclostrobin,GD-16-1,11/5/2024,1,0,2,1,7,24.93,13.88,2.55,2.45,266.8632903
Cabrio,Pyraclostrobin,GD-16-1,11/5/2024,1,0,3,1,7,18.08,16.47,4.91,4.12,217.9859999
Cabrio,Pyraclostrobin,GD-16-1,11/5/2024,1,0.01,1,1,7,13.35,8.45,7.93,2.12,75.39500227
Cabrio,Pyraclostrobin,GD-16-1,11/5/2024,1,0.01,2,1,7,10.66,7.86,1.96,2.42,62.08132553
Cabrio,Pyraclostrobin,GD-16-1,11/5/2024,1,0.01,3,1,7,4.11,3.38,3.98,2.73,2.376928961
Cabrio,Pyraclostrobin,GD-16-1,11/5/2024,1,0.1,1,1,7,19.84,21.04,3.25,3.12,319.8876399
Cabrio,Pyraclostrobin,GD-16-1,11/5/2024,1,0.1,2,1,7,8.88,6.57,5.37,3.47,31.18635412
Cabrio,Pyraclostrobin,GD-16-1,11/5/2024,1,0.1,3,1,7,6.78,5.5,4.5,6.46,6.455972793
Cabrio,Pyraclostrobin,GD-16-1,11/5/2024,1,1,1,1,7,7.15,4.76,2.74,2.6,21.13506422
Cabrio,Pyraclostrobin,GD-16-1,11/5/2024,1,1,2,1,7,7.95,6.12,3.51,3.2,29.39116957
Cabrio,Pyraclostrobin,GD-16-1,11/5/2024,1,1,3,1,7,13.06,11.76,1.96,2.31,117.0698774
Cabrio,Pyraclostrobin,GD-16-1,11/5/2024,1,10,1,1,7,7.2,6.18,3.5,3.83,24.41881388
Cabrio,Pyraclostrobin,GD-16-1,11/5/2024,1,10,2,1,7,8.19,7.06,3.54,3.3,36.2377994
Cabrio,Pyraclostrobin,GD-16-1,11/5/2024,1,10,3,1,7,2.82,2.23,2.82,2.83,-1.32889367
Cabrio,Pyraclostrobin,GD-16-1,11/5/2024,1,100,1,1,7,8.03,7.03,6.58,4.44,21.39086839
Cabrio,Pyraclostrobin,GD-16-1,11/5/2024,1,100,2,1,7,16.47,8.21,2.39,2.78,100.9821744
Cabrio,Pyraclostrobin,GD-16-1,11/5/2024,1,100,3,1,7,8.28,6.73,1.4,1.82,41.76464618
Cabrio,Pyraclostrobin,GD-16-1,11/5/2024,1,500,1,1,7,54.21,60.2,4.37,3.48,2551.157289
Cabrio,Pyraclostrobin,GD-16-1,11/5/2024,1,500,2,3,7,4.28,3.6,4.25,2.83,2.655038446
Cabrio,Pyraclostrobin,GD-16-1,11/5/2024,1,500,3,1,7,5.61,5.9,3.91,4.05,13.55872096
Cabrio,Pyraclostrobin,GD-16-1,11/5/2024,1,1000,1,1,7,9.24,8.56,7.17,5.54,30.9231672
Cabrio,Pyraclostrobin,GD-16-1,11/5/2024,1,1000,2,1,7,5.02,5.82,1.64,1.52,20.988666
Cabrio,Pyraclostrobin,GD-16-1,11/5/2024,1,1000,3,1,7,2.96,3.53,2.66,2.35,3.296944354
Cabrio,Pyraclostrobin,GD-16-1,11/5/2024,1,1500,1,1,7,60.29,49.25,3.82,2.89,2323.398344
Cabrio,Pyraclostrobin,GD-16-1,11/5/2024,1,1500,2,2,7,3,4.15,2.13,2.79,5.110821381
Cabrio,Pyraclostrobin,GD-16-1,11/5/2024,1,1500,3,1,7,2.24,2.09,1.27,1.6,2.080990938
Cabrio,Pyraclostrobin,GD-16-1,11/5/2024,1,2000,1,1,7,5.82,5.01,4.36,4.49,7.525527994
Cabrio,Pyraclostrobin,GD-16-1,11/5/2024,1,2000,2,1,7,52.45,37.9,1.88,1.67,1558.791803
Cabrio,Pyraclostrobin,GD-16-1,11/5/2024,1,2000,3,2,7,4.18,4.48,3.98,3.87,2.610506371
Vellum Prime,Fluopyram,GD-16-1,11/8/2024,1,0,1,1,7,24.83,22.99,3.98,3.56,437.2098658
Vellum Prime,Fluopyram,GD-16-1,11/8/2024,1,0,2,1,7,75.62,69.57,2.2,2.84,4126.980922
Vellum Prime,Fluopyram,GD-16-1,11/8/2024,1,0,3,1,7,18.53,16.87,3.14,2.98,238.1671981
Vellum Prime,Fluopyram,GD-16-1,11/8/2024,1,0.01,1,1,7,12.57,11.69,5.35,6.04,90.02964016
Vellum Prime,Fluopyram,GD-16-1,11/8/2024,1,0.01,2,1,7,14.91,13.44,4.37,4.27,142.7307985
Vellum Prime,Fluopyram,GD-16-1,11/8/2024,1,0.01,3,1,7,14.29,18.28,3.58,3.54,195.2091394
Vellum Prime,Fluopyram,GD-16-1,11/8/2024,1,0.1,1,1,7,22.81,19.72,5.26,4.43,334.9812645
Vellum Prime,Fluopyram,GD-16-1,11/8/2024,1,0.1,2,1,7,9.89,9.26,4.5,4.27,56.83643668
Vellum Prime,Fluopyram,GD-16-1,11/8/2024,1,0.1,3,1,7,18.11,15.02,4.23,4.01,200.3157196
Vellum Prime,Fluopyram,GD-16-1,11/8/2024,1,1,1,1,7,14.14,12.44,4.48,4.07,123.8321555
Vellum Prime,Fluopyram,GD-16-1,11/8/2024,1,1,2,1,7,30.79,21.29,3.96,3.83,502.9315118
Vellum Prime,Fluopyram,GD-16-1,11/8/2024,1,1,3,1,7,14.7,13.41,4.81,4.64,137.294351
Vellum Prime,Fluopyram,GD-16-1,11/8/2024,1,10,1,1,7,4.97,6.02,4.24,4.2,9.512271154
Vellum Prime,Fluopyram,GD-16-1,11/8/2024,1,10,2,1,7,4.21,4.01,2.99,3.25,5.627063585
Vellum Prime,Fluopyram,GD-16-1,11/8/2024,1,10,3,1,7,11.04,9.16,2.84,3.55,71.50610333
Vellum Prime,Fluopyram,GD-16-1,11/8/2024,1,100,1,1,7,4.66,4.06,3.28,2.8,7.646322229
Vellum Prime,Fluopyram,GD-16-1,11/8/2024,1,100,2,1,7,15.22,14.61,6.14,3.31,158.6824705
Vellum Prime,Fluopyram,GD-16-1,11/8/2024,1,100,3,1,7,10.57,10.99,2.61,3.06,84.96256545
Vellum Prime,Fluopyram,GD-16-1,11/8/2024,1,500,1,1,7,6.98,6.31,4.1,4.01,21.67918805
Vellum Prime,Fluopyram,GD-16-1,11/8/2024,1,500,2,1,7,12.8,11.11,3.96,3.15,101.8928436
Vellum Prime,Fluopyram,GD-16-1,11/8/2024,1,500,3,1,7,21.55,17.82,3.66,3.16,292.5257821
Vellum Prime,Fluopyram,GD-16-1,11/8/2024,1,1000,1,1,7,16.7,15.03,2.53,2.11,192.9430301
Vellum Prime,Fluopyram,GD-16-1,11/8/2024,1,1000,2,1,7,11.9,10.28,2.99,3.23,88.49418677
Vellum Prime,Fluopyram,GD-16-1,11/8/2024,1,1000,3,1,7,30.62,19.67,4.62,3.09,461.829506
Vellum Prime,Fluopyram,GD-16-1,11/8/2024,1,1500,1,1,7,12.85,13.93,3.26,2.86,133.2639234
Vellum Prime,Fluopyram,GD-16-1,11/8/2024,1,1500,2,1,7,21.45,15.73,2.39,1.77,261.6775419
Vellum Prime,Fluopyram,GD-16-1,11/8/2024,1,1500,3,1,7,16.72,15.72,2.73,2.64,200.7722716
Vellum Prime,Fluopyram,GD-16-1,11/8/2024,1,2000,1,1,7,4.68,4.3,3.52,3.28,6.73745949
Vellum Prime,Fluopyram,GD-16-1,11/8/2024,1,2000,2,1,7,18.78,20.14,2.47,2.26,292.6762644
Vellum Prime,Fluopyram,GD-16-1,11/8/2024,1,2000,3,1,7,25.13,36.33,4.41,3.96,703.3313475
Topsin M,Thiophanate-methyl,GD-16-1,11/10/2024,1,0,1,1,7,24.66,19.91,2.53,3.01,379.6342124
Topsin M,Thiophanate-methyl,GD-16-1,11/10/2024,1,0,2,1,7,16.13,17.47,3.54,3.59,211.3368977
Topsin M,Thiophanate-methyl,GD-16-1,11/10/2024,1,0,3,1,7,11.17,19.13,3.19,5.15,154.9226125
Topsin M,Thiophanate-methyl,GD-16-1,11/10/2024,1,0.01,1,1,7,12.12,10.58,4.47,4.31,85.58004548
Topsin M,Thiophanate-methyl,GD-16-1,11/10/2024,1,0.01,2,1,7,29.51,17.74,4.03,3.89,398.8492923
Topsin M,Thiophanate-methyl,GD-16-1,11/10/2024,1,0.01,3,1,7,12.34,12.9,2.58,2.32,120.3233107
Topsin M,Thiophanate-methyl,GD-16-1,11/10/2024,1,0.1,1,1,7,21.75,16.89,4.46,4.75,271.8832411
Topsin M,Thiophanate-methyl,GD-16-1,11/10/2024,1,0.1,2,1,7,12.13,12.99,4.36,4.09,109.7486315
Topsin M,Thiophanate-methyl,GD-16-1,11/10/2024,1,0.1,3,1,7,16.84,13.93,2.53,3.57,177.1458459
Topsin M,Thiophanate-methyl,GD-16-1,11/10/2024,1,1,1,1,7,14.54,17.15,1.99,2.27,192.299789
Topsin M,Thiophanate-methyl,GD-16-1,11/10/2024,1,1,2,1,7,12.33,9.51,3.6,2.85,84.03626687
Topsin M,Thiophanate-methyl,GD-16-1,11/10/2024,1,1,3,1,7,8.99,8.82,4.73,4.7,44.81544676
Topsin M,Thiophanate-methyl,GD-16-1,11/10/2024,1,10,1,1,7,30.55,20.06,5.55,5.05,459.3051578
Topsin M,Thiophanate-methyl,GD-16-1,11/10/2024,1,10,2,1,7,26.21,15.19,5,4.26,295.9615063
Topsin M,Thiophanate-methyl,GD-16-1,11/10/2024,1,10,3,1,7,7.24,8.2,1.78,1.51,44.51652422
Topsin M,Thiophanate-methyl,GD-16-1,11/10/2024,1,100,1,1,7,9.17,5.91,3.31,4.11,31.87978215
Topsin M,Thiophanate-methyl,GD-16-1,11/10/2024,1,100,2,1,7,11.18,12.43,4.61,3.68,95.82061634
Topsin M,Thiophanate-methyl,GD-16-1,11/10/2024,1,100,3,1,7,20.54,17.2,3.65,2.82,269.3876385
Topsin M,Thiophanate-methyl,GD-16-1,11/10/2024,1,500,1,1,7,9.52,8.66,2.95,5.48,52.05399027
Topsin M,Thiophanate-methyl,GD-16-1,11/10/2024,1,500,2,1,7,8.06,8.24,3.01,3.84,43.08380092
Topsin M,Thiophanate-methyl,GD-16-1,11/10/2024,1,500,3,1,7,10.98,11.47,4.02,3.81,86.8841991
Topsin M,Thiophanate-methyl,GD-16-1,11/10/2024,1,1000,1,1,7,28.11,19.59,4,4.17,419.3986066
Topsin M,Thiophanate-methyl,GD-16-1,11/10/2024,1,1000,2,1,7,5.04,4.36,2.33,2.54,12.61050978
Topsin M,Thiophanate-methyl,GD-16-1,11/10/2024,1,1000,3,1,7,12.34,9.05,3.91,3.92,75.67295467
Topsin M,Thiophanate-methyl,GD-16-1,11/10/2024,1,1500,1,1,7,17.58,14.43,4.43,4.95,182.0167281
Topsin M,Thiophanate-methyl,GD-16-1,11/10/2024,1,1500,2,1,7,20.61,18.89,3.9,3.5,295.0528007
Topsin M,Thiophanate-methyl,GD-16-1,11/10/2024,1,1500,3,1,7,8.75,9.09,3.02,2.62,56.25422103
Topsin M,Thiophanate-methyl,GD-16-1,11/10/2024,1,2000,1,1,7,16.12,14.83,2.82,3.16,180.7581276
Topsin M,Thiophanate-methyl,GD-16-1,11/10/2024,1,2000,2,1,7,13.2,9.19,4.41,4.03,81.31674724
Topsin M,Thiophanate-methyl,GD-16-1,11/10/2024,1,2000,3,1,7,35.47,17.19,3.04,4.59,467.9211326
Cabrio,Pyraclostrobin,GD-16-1,11/10/2024,2,0,1,1,7,30.67,39.12,2.92,3.46,934.3938339
Cabrio,Pyraclostrobin,GD-16-1,11/10/2024,2,0,2,1,7,13.47,12.28,1.7,1.61,127.7643299
Cabrio,Pyraclostrobin,GD-16-1,11/10/2024,2,0,3,1,7,8.96,9.12,2.55,2.54,59.09194309
Cabrio,Pyraclostrobin,GD-16-1,11/10/2024,2,0.01,1,1,7,14.54,10.5,3.94,4.42,106.2291839
Cabrio,Pyraclostrobin,GD-16-1,11/10/2024,2,0.01,2,1,7,13.46,20.33,3.16,3.91,205.2136981
Cabrio,Pyraclostrobin,GD-16-1,11/10/2024,2,0.01,3,1,7,5.33,4.25,1.91,2.41,14.17596537
Cabrio,Pyraclostrobin,GD-16-1,11/10/2024,2,0.1,1,1,7,9.18,8.78,4.48,5.7,43.24747789
Cabrio,Pyraclostrobin,GD-16-1,11/10/2024,2,0.1,2,1,7,9.09,7.41,3.55,3.31,43.67316369
Cabrio,Pyraclostrobin,GD-16-1,11/10/2024,2,0.1,3,1,7,20.4,16.69,3.73,3.18,258.0932989
Cabrio,Pyraclostrobin,GD-16-1,11/10/2024,2,1,1,1,7,34.01,31.54,4.48,3.11,831.5344794
Cabrio,Pyraclostrobin,GD-16-1,11/10/2024,2,1,2,1,7,8.46,8.11,2.32,2.95,48.51137337
Cabrio,Pyraclostrobin,GD-16-1,11/10/2024,2,1,3,1,7,10.23,9.94,3.04,2.74,73.32210093
Cabrio,Pyraclostrobin,GD-16-1,11/10/2024,2,10,1,1,7,12.56,11.53,3.1,2.15,108.5041681
Cabrio,Pyraclostrobin,GD-16-1,11/10/2024,2,10,2,1,7,39.33,36.82,3.84,3.6,1126.50175
Cabrio,Pyraclostrobin,GD-16-1,11/10/2024,2,10,3,1,7,5.62,5.43,2.28,2.48,19.52672588
Cabrio,Pyraclostrobin,GD-16-1,11/10/2024,2,100,1,1,7,18.27,19.02,2.63,3.08,266.5602051
Cabrio,Pyraclostrobin,GD-16-1,11/10/2024,2,100,2,1,7,6.75,6.57,2.84,2.67,28.87492737
Cabrio,Pyraclostrobin,GD-16-1,11/10/2024,2,100,3,1,7,4.19,4.2,3.46,3.37,4.663537135
Cabrio,Pyraclostrobin,GD-16-1,11/10/2024,2,500,1,1,7,3,2.87,2.26,2.6,2.147278542
Cabrio,Pyraclostrobin,GD-16-1,11/10/2024,2,500,2,3,7,13.38,14.22,2.56,2.8,143.8029455
Cabrio,Pyraclostrobin,GD-16-1,11/10/2024,2,500,3,1,7,8.18,6.36,1.49,1.44,39.1750314
Cabrio,Pyraclostrobin,GD-16-1,11/10/2024,2,1000,1,1,7,2.1,2.02,1.89,1.83,0.615202371
Cabrio,Pyraclostrobin,GD-16-1,11/10/2024,2,1000,2,2,7,4.49,4.07,3.84,3.65,3.344460942
Cabrio,Pyraclostrobin,GD-16-1,11/10/2024,2,1000,3,2,7,3.65,3.77,3.02,3.63,2.197465484
Cabrio,Pyraclostrobin,GD-16-1,11/10/2024,2,1500,1,6,7,4.29,4.01,4,2.96,4.212011739
Cabrio,Pyraclostrobin,GD-16-1,11/10/2024,2,1500,2,7,7,2.77,3.07,2.75,3.01,0.177814141
Cabrio,Pyraclostrobin,GD-16-1,11/10/2024,2,1500,3,1,7,8.88,9.26,2.21,2.24,60.69431239
Cabrio,Pyraclostrobin,GD-16-1,11/10/2024,2,2000,1,,7,3.71,3.33,3.71,3.33,0
Cabrio,Pyraclostrobin,GD-16-1,11/10/2024,2,2000,2,2,7,14.54,11.75,3.32,3.31,125.5504496
Cabrio,Pyraclostrobin,GD-16-1,11/10/2024,2,2000,3,,7,2.95,2.74,2.95,2.74,0
Fontelis,Penthiopyrad,GD-16-1,11/10/2024,2,0,1,1,7,31.99,27.88,3.06,2.94,693.4160886
Fontelis,Penthiopyrad,GD-16-1,11/10/2024,2,0,2,1,7,11.29,11.83,1.98,2,101.78815
Fontelis,Penthiopyrad,GD-16-1,11/10/2024,2,0,3,1,7,15.81,14.43,3.84,3.86,167.5379132
Fontelis,Penthiopyrad,GD-16-1,11/10/2024,2,0.01,1,1,7,8.29,7.96,2.43,3.86,44.46028971
Fontelis,Penthiopyrad,GD-16-1,11/10/2024,2,0.01,2,1,7,15.95,14.28,3.04,2.87,172.0345533
Fontelis,Penthiopyrad,GD-16-1,11/10/2024,2,0.01,3,1,7,11.84,12.53,2.03,2.69,112.2290759
Fontelis,Penthiopyrad,GD-16-1,11/10/2024,2,0.1,1,1,7,5.94,6.36,4.95,4.32,12.87613143
Fontelis,Penthiopyrad,GD-16-1,11/10/2024,2,0.1,2,1,7,9.06,10.45,2.1,2.39,70.41722733
Fontelis,Penthiopyrad,GD-16-1,11/10/2024,2,0.1,3,1,7,7.98,8.32,3.85,3.82,40.59456002
Fontelis,Penthiopyrad,GD-16-1,11/10/2024,2,1,1,2,7,10.93,9.67,6.35,4.78,59.17197516
Fontelis,Penthiopyrad,GD-16-1,11/10/2024,2,1,2,1,7,6.11,5.95,4.59,3.66,15.35853936
Fontelis,Penthiopyrad,GD-16-1,11/10/2024,2,1,3,1,7,38.28,31.54,2.65,2.98,942.0491097
Fontelis,Penthiopyrad,GD-16-1,11/10/2024,2,10,1,1,7,9.69,7.48,2.04,1.75,54.12272899
Fontelis,Penthiopyrad,GD-16-1,11/10/2024,2,10,2,1,7,5.04,4.28,5.01,4.3,0.022148228
Fontelis,Penthiopyrad,GD-16-1,11/10/2024,2,10,3,1,7,9.06,9.9,2.71,3.03,63.99636184
Fontelis,Penthiopyrad,GD-16-1,11/10/2024,2,100,1,2,7,9.27,4.18,3.08,3.68,21.53106196
Fontelis,Penthiopyrad,GD-16-1,11/10/2024,2,100,2,2,7,7.86,5.02,2.47,2.4,26.33377165
Fontelis,Penthiopyrad,GD-16-1,11/10/2024,2,100,3,1,7,19.8,10.46,3.87,3.41,152.2975763
Fontelis,Penthiopyrad,GD-16-1,11/10/2024,2,500,1,2,7,3.33,3.35,2.84,2.88,2.337580514
Fontelis,Penthiopyrad,GD-16-1,11/10/2024,2,500,2,5,7,14.4,10.69,5.86,5.44,95.86381323
Fontelis,Penthiopyrad,GD-16-1,11/10/2024,2,500,3,5,7,16.45,12.03,3.96,3.01,146.063557
Fontelis,Penthiopyrad,GD-16-1,11/10/2024,2,1000,1,,7,4.11,4.88,4.11,4.88,0
Fontelis,Penthiopyrad,GD-16-1,11/10/2024,2,1000,2,2,7,7.11,6.89,4.27,4.19,24.42321211
Fontelis,Penthiopyrad,GD-16-1,11/10/2024,2,1000,3,5,7,37,31.04,3.89,3.71,890.6792798
Fontelis,Penthiopyrad,GD-16-1,11/10/2024,2,1500,1,6,7,7.9,7.32,4.52,3.45,33.17050547
Fontelis,Penthiopyrad,GD-16-1,11/10/2024,2,1500,2,1,7,4.52,4.35,4.5,4.27,0.351072973
Fontelis,Penthiopyrad,GD-16-1,11/10/2024,2,1500,3,,7,3.43,3.26,3.43,3.26,0
Fontelis,Penthiopyrad,GD-16-1,11/10/2024,2,2000,1,4,7,11.27,10.98,2.34,2.91,91.84068975
Fontelis,Penthiopyrad,GD-16-1,11/10/2024,2,2000,2,5,7,8.51,9.5,1.34,1.87,61.52746275
Fontelis,Penthiopyrad,GD-16-1,11/10/2024,2,2000,3,,7,2.41,2.24,2.41,2.24,0
Vellum Prime,Fluopyram,GD-16-1,11/10/2024,2,0,1,1,7,5.58,5.87,2.26,2.25,21.73165265
Vellum Prime,Fluopyram,GD-16-1,11/10/2024,2,0,2,1,7,10.98,11.7,3.74,3.96,89.26489798
Vellum Prime,Fluopyram,GD-16-1,11/10/2024,2,0,3,1,7,10.3,11.67,1.87,2.25,91.10108031
Vellum Prime,Fluopyram,GD-16-1,11/10/2024,2,0.01,1,1,7,9.49,8.81,2.87,2.33,60.41266862
Vellum Prime,Fluopyram,GD-16-1,11/10/2024,2,0.01,2,1,7,8.45,9.08,2.99,2.83,53.61465493
Vellum Prime,Fluopyram,GD-16-1,11/10/2024,2,0.01,3,1,7,5.5,5.54,3.7,3.28,14.39948968
Vellum Prime,Fluopyram,GD-16-1,11/10/2024,2,0.1,1,1,7,9.03,10.1,3.3,3.15,63.46645371
Vellum Prime,Fluopyram,GD-16-1,11/10/2024,2,0.1,2,1,7,3.73,3.86,2.01,2.24,7.771828854
Vellum Prime,Fluopyram,GD-16-1,11/10/2024,2,0.1,3,1,7,13.81,14.01,3.05,3.14,144.4355837
Vellum Prime,Fluopyram,GD-16-1,11/10/2024,2,1,1,1,7,13.18,12.16,4.12,4.26,112.090139
Vellum Prime,Fluopyram,GD-16-1,11/10/2024,2,1,2,1,7,3.95,4.1,2.39,2.69,7.670119793
Vellum Prime,Fluopyram,GD-16-1,11/10/2024,2,1,3,1,7,10.18,9.82,3.98,3.9,66.32341802
Vellum Prime,Fluopyram,GD-16-1,11/10/2024,2,10,1,1,7,6.44,9.5,3.04,3.65,39.33588094
Vellum Prime,Fluopyram,GD-16-1,11/10/2024,2,10,2,1,7,5.39,5.34,3.82,2.94,13.78515125
Vellum Prime,Fluopyram,GD-16-1,11/10/2024,2,10,3,1,7,14.08,13.97,2.71,2.59,148.9733001
Vellum Prime,Fluopyram,GD-16-1,11/10/2024,2,100,1,1,7,8.02,7.38,6.21,5.91,17.6608555
Vellum Prime,Fluopyram,GD-16-1,11/10/2024,2,100,2,1,7,5.98,5.83,4.91,4.66,9.411268952
Vellum Prime,Fluopyram,GD-16-1,11/10/2024,2,100,3,5,7,16.01,14.37,4.07,3.84,168.4167738
Vellum Prime,Fluopyram,GD-16-1,11/10/2024,2,500,1,1,7,6.54,6.53,1.88,1.71,31.0164725
Vellum Prime,Fluopyram,GD-16-1,11/10/2024,2,500,2,1,7,9.69,9.9,1.47,2.88,72.01896832
Vellum Prime,Fluopyram,GD-16-1,11/10/2024,2,500,3,1,7,10.95,11.69,0.96,1.33,99.53248653
Vellum Prime,Fluopyram,GD-16-1,11/10/2024,2,1000,1,1,7,11.28,10.71,4.67,5.37,75.18687176
Vellum Prime,Fluopyram,GD-16-1,11/10/2024,2,1000,2,1,7,18.3,11.3,4.09,4.4,148.2784583
Vellum Prime,Fluopyram,GD-16-1,11/10/2024,2,1000,3,1,7,5.96,5.31,4.13,5.02,8.572620807
Vellum Prime,Fluopyram,GD-16-1,11/10/2024,2,1500,1,1,7,10.43,9.38,3.62,3.51,66.85874539
Vellum Prime,Fluopyram,GD-16-1,11/10/2024,2,1500,2,1,7,13.7,12.87,4.15,3.45,127.2356784
Vellum Prime,Fluopyram,GD-16-1,11/10/2024,2,1500,3,1,7,5.79,6.47,1.56,1.22,27.92726596
Vellum Prime,Fluopyram,GD-16-1,11/10/2024,2,2000,1,5,7,4.73,5.42,2.83,2.06,15.55622408
Vellum Prime,Fluopyram,GD-16-1,11/10/2024,2,2000,2,1,7,7.98,9.12,2.14,2.91,52.26840396
Vellum Prime,Fluopyram,GD-16-1,11/10/2024,2,2000,3,1,7,9.27,9.52,4.27,4.91,52.8452789
Inspire,Difenoconazole ,GD-16-1,11/14/2024,2,0,1,1,7,10.31,9.84,2.86,6.43,65.23564158
Inspire,Difenoconazole ,GD-16-1,11/14/2024,2,0,2,1,7,72.55,62.11,2.71,2.61,3533.512089
Inspire,Difenoconazole ,GD-16-1,11/14/2024,2,0,3,1,7,5.49,4.51,3.9,3.76,7.929301183
Inspire,Difenoconazole ,GD-16-1,11/14/2024,2,0.01,1,2,7,15.34,5.49,4.33,4.05,52.37042718
Inspire,Difenoconazole ,GD-16-1,11/14/2024,2,0.01,2,1,7,8.58,7.14,3.07,2.89,41.14614514
Inspire,Difenoconazole ,GD-16-1,11/14/2024,2,0.01,3,1,7,11.16,12.76,4.58,4.26,96.51820697
Inspire,Difenoconazole ,GD-16-1,11/14/2024,2,0.1,1,2,7,5.24,4.24,1.89,2.83,13.24880285
Inspire,Difenoconazole ,GD-16-1,11/14/2024,2,0.1,2,1,7,37.13,14.43,2.67,2.6,415.3530207
Inspire,Difenoconazole ,GD-16-1,11/14/2024,2,0.1,3,1,7,26.98,27.56,4.23,3.84,571.2401807
Inspire,Difenoconazole ,GD-16-1,11/14/2024,2,1,1,1,7,21.39,19.21,4.12,4.1,309.4546465
Inspire,Difenoconazole ,GD-16-1,11/14/2024,2,1,2,1,7,6.03,6.86,1.82,1.87,29.81559873
Inspire,Difenoconazole ,GD-16-1,11/14/2024,2,1,3,6,7,7.31,4.48,3.5,4.03,14.64280603
Inspire,Difenoconazole ,GD-16-1,11/14/2024,2,10,1,1,7,2.48,3.81,2.93,2.22,2.312369233
Inspire,Difenoconazole ,GD-16-1,11/14/2024,2,10,2,,7,1.89,1.93,1.89,1.93,0
Inspire,Difenoconazole ,GD-16-1,11/14/2024,2,10,3,1,7,17.35,16.87,0.34,2.17,229.3022521
Inspire,Difenoconazole ,GD-16-1,11/14/2024,2,100,1,4,7,8.15,5.87,0.98,1.04,36.7733624
Inspire,Difenoconazole ,GD-16-1,11/14/2024,2,100,2,4,7,4.47,5.04,3.67,2.92,9.277437107
Inspire,Difenoconazole ,GD-16-1,11/14/2024,2,100,3,1,7,20,26.88,1.34,1.02,421.1565632
Inspire,Difenoconazole ,GD-16-1,11/14/2024,2,500,1,4,7,6.05,5.51,3.14,3.08,18.58589744
Inspire,Difenoconazole ,GD-16-1,11/14/2024,2,500,2,,7,1.34,1.88,1.34,1.88,0
Inspire,Difenoconazole ,GD-16-1,11/14/2024,2,500,3,,7,1.58,1.98,1.58,1.98,0
Inspire,Difenoconazole ,GD-16-1,11/14/2024,2,1000,1,1,7,8.7,5.19,7.19,4.06,12.53621111
Inspire,Difenoconazole ,GD-16-1,11/14/2024,2,1000,2,,7,2.53,2.02,2.53,2.02,0
Inspire,Difenoconazole ,GD-16-1,11/14/2024,2,1000,3,4,7,16.99,8.93,3.64,3.41,109.4124811
Inspire,Difenoconazole ,GD-16-1,11/14/2024,2,1500,1,4,7,5.28,4.19,3.96,4.19,4.343880088
Inspire,Difenoconazole ,GD-16-1,11/14/2024,2,1500,2,,7,2.7,2.61,2.7,2.61,0
Inspire,Difenoconazole ,GD-16-1,11/14/2024,2,1500,3,,7,2.21,2.2,2.21,2.2,0
Inspire,Difenoconazole ,GD-16-1,11/14/2024,2,2000,1,4,7,5.03,5.43,3.73,4.15,9.293930468
Inspire,Difenoconazole ,GD-16-1,11/14/2024,2,2000,2,4,7,4.45,3.69,2.66,2.68,7.29768399
Inspire,Difenoconazole ,GD-16-1,11/14/2024,2,2000,3,,7,1.63,1.76,1.63,1.76,0
Topsin M,Thiophanate-methyl,GD-16-1,11/14/2024,2,0,1,1,7,61.49,67.86,2.75,2.44,3271.969792
Topsin M,Thiophanate-methyl,GD-16-1,11/14/2024,2,0,2,1,7,76.07,64.19,3.72,3.94,3823.535357
Topsin M,Thiophanate-methyl,GD-16-1,11/14/2024,2,0,3,1,7,63.73,27.44,2.98,2.81,1366.88919
Topsin M,Thiophanate-methyl,GD-16-1,11/14/2024,2,0.01,1,1,7,74.17,56.89,1.91,1.54,3311.701907
Topsin M,Thiophanate-methyl,GD-16-1,11/14/2024,2,0.01,2,1,7,73.54,76.74,3.05,2.87,4425.487747
Topsin M,Thiophanate-methyl,GD-16-1,11/14/2024,2,0.01,3,,7,2.59,2.73,2.59,2.73,0
Topsin M,Thiophanate-methyl,GD-16-1,11/14/2024,2,0.1,1,1,7,26.67,30.16,6.35,6.21,600.7775129
Topsin M,Thiophanate-methyl,GD-16-1,11/14/2024,2,0.1,2,2,7,11.37,11.38,2.3,3.32,95.62583759
Topsin M,Thiophanate-methyl,GD-16-1,11/14/2024,2,0.1,3,1,7,47.09,30.84,1.34,1.83,1138.672908
Topsin M,Thiophanate-methyl,GD-16-1,11/14/2024,2,1,1,1,7,37.36,10.11,1.89,1.82,293.9508085
Topsin M,Thiophanate-methyl,GD-16-1,11/14/2024,2,1,2,1,7,74.92,36.97,2.89,2.9,2168.807405
Topsin M,Thiophanate-methyl,GD-16-1,11/14/2024,2,1,3,1,7,65.27,70.55,2.33,2.77,3611.531185
Topsin M,Thiophanate-methyl,GD-16-1,11/14/2024,2,10,1,4,7,11.65,10.49,2.57,3.69,88.53416354
Topsin M,Thiophanate-methyl,GD-16-1,11/14/2024,2,10,2,4,7,3.52,3.19,3,3.19,1.302818451
Topsin M,Thiophanate-methyl,GD-16-1,11/14/2024,2,10,3,1,7,73.07,68.64,1.5,1.53,3937.38141
Topsin M,Thiophanate-methyl,GD-16-1,11/14/2024,2,100,1,2,7,4.69,4.61,3.39,3.4,7.928515784
Topsin M,Thiophanate-methyl,GD-16-1,11/14/2024,2,100,2,1,7,4.77,9.45,3.12,2.98,28.10068187
Topsin M,Thiophanate-methyl,GD-16-1,11/14/2024,2,100,3,1,7,4.86,5.35,1.74,1.49,18.38491405
Topsin M,Thiophanate-methyl,GD-16-1,11/14/2024,2,500,1,1,7,10.05,7.53,2.53,3.13,53.21669369
Topsin M,Thiophanate-methyl,GD-16-1,11/14/2024,2,500,2,1,7,11.07,9.99,4.25,4.18,72.9040335
Topsin M,Thiophanate-methyl,GD-16-1,11/14/2024,2,500,3,1,7,10.45,4.17,4.17,4.16,20.6004437
Topsin M,Thiophanate-methyl,GD-16-1,11/14/2024,2,1000,1,1,7,5.02,4.36,3.41,2.96,9.262671622
Topsin M,Thiophanate-methyl,GD-16-1,11/14/2024,2,1000,2,1,7,3.28,3.11,1.91,1.8,5.311490609
Topsin M,Thiophanate-methyl,GD-16-1,11/14/2024,2,1000,3,4,7,10.58,11.67,2.31,2.3,92.79918965
Topsin M,Thiophanate-methyl,GD-16-1,11/14/2024,2,1500,1,1,7,7.51,6.94,1.72,1.66,38.69201154
Topsin M,Thiophanate-methyl,GD-16-1,11/14/2024,2,1500,2,1,7,10.67,9.43,5.56,5.34,55.70648436
Topsin M,Thiophanate-methyl,GD-16-1,11/14/2024,2,1500,3,1,7,11.41,12.75,1.36,1,113.1896179
Topsin M,Thiophanate-methyl,GD-16-1,11/14/2024,2,2000,1,1,7,8.25,6.59,1.7,1.63,40.52379565
Topsin M,Thiophanate-methyl,GD-16-1,11/14/2024,2,2000,2,1,7,5.23,4.97,1.75,1.63,18.17458443
Topsin M,Thiophanate-methyl,GD-16-1,11/14/2024,2,2000,3,,7,1.47,1.32,1.47,1.32,0
Rhyme,Flutriafol,GD-16-1,11/14/2024,2,0,1,1,7,5.39,4.9,2.45,2.94,15.08592767
Rhyme,Flutriafol,GD-16-1,11/14/2024,2,0,2,2,7,28.88,32.35,6.69,6.02,702.1413908
Rhyme,Flutriafol,GD-16-1,11/14/2024,2,0,3,2,7,2.81,3.26,2.38,3.12,1.36266579
Rhyme,Flutriafol,GD-16-1,11/14/2024,2,0.01,1,2,7,3.67,3.04,3.11,2.73,2.094264167
Rhyme,Flutriafol,GD-16-1,11/14/2024,2,0.01,2,2,7,23.44,17.86,4.25,4.05,315.2791592
Rhyme,Flutriafol,GD-16-1,11/14/2024,2,0.01,3,1,7,10.89,9.66,1.16,2.11,80.69950283
Rhyme,Flutriafol,GD-16-1,11/14/2024,2,0.1,1,2,7,1.85,2.07,1.23,1.79,1.278471109
Rhyme,Flutriafol,GD-16-1,11/14/2024,2,0.1,2,2,7,14.11,9.62,3.78,3.57,96.00989729
Rhyme,Flutriafol,GD-16-1,11/14/2024,2,0.1,3,1,7,15.47,12.75,3.09,2.97,147.7060602
Rhyme,Flutriafol,GD-16-1,11/14/2024,2,1,1,,7,3.01,2.89,3.01,2.89,0
Rhyme,Flutriafol,GD-16-1,11/14/2024,2,1,2,4,7,3.17,3.02,3.1,3,0.214727854
Rhyme,Flutriafol,GD-16-1,11/14/2024,2,1,3,1,7,16.51,16.2,1.61,1.87,207.6995618
Rhyme,Flutriafol,GD-16-1,11/14/2024,2,10,1,1,7,11.26,10.25,3.01,2.82,83.98011091
Rhyme,Flutriafol,GD-16-1,11/14/2024,2,10,2,1,7,8.96,8.66,1.42,1.45,59.3247351
Rhyme,Flutriafol,GD-16-1,11/14/2024,2,10,3,1,7,9.26,8.34,3.76,4.27,48.04531811
Rhyme,Flutriafol,GD-16-1,11/14/2024,2,100,1,,7,1.69,1.43,1.69,1.43,0
Rhyme,Flutriafol,GD-16-1,11/14/2024,2,100,2,,7,2.55,2.43,2.55,2.43,0
Rhyme,Flutriafol,GD-16-1,11/14/2024,2,100,3,,7,2.16,1.9,2.16,1.9,0
Rhyme,Flutriafol,GD-16-1,11/14/2024,2,500,1,,7,4.31,4.26,4.31,4.26,0
Rhyme,Flutriafol,GD-16-1,11/14/2024,2,500,2,,7,4.7,1.69,4.7,1.69,0
Rhyme,Flutriafol,GD-16-1,11/14/2024,2,500,3,,7,1.34,1.68,1.34,1.68,0
Rhyme,Flutriafol,GD-16-1,11/14/2024,2,1000,1,,7,1.39,1.51,1.39,1.51,0
Rhyme,Flutriafol,GD-16-1,11/14/2024,2,1000,2,5,7,3.4,3.61,1.2,1.39,8.329932779
Rhyme,Flutriafol,GD-16-1,11/14/2024,2,1000,3,,7,2.42,2.75,2.42,2.75,0
Rhyme,Flutriafol,GD-16-1,11/14/2024,2,1500,1,,7,1.33,2.05,1.33,2.05,0
Rhyme,Flutriafol,GD-16-1,11/14/2024,2,1500,2,,7,5.64,4.99,5.64,4.99,0
Rhyme,Flutriafol,GD-16-1,11/14/2024,2,1500,3,,7,3.48,4.19,3.48,4.19,0
Rhyme,Flutriafol,GD-16-1,11/14/2024,2,2000,1,,7,1.84,1.96,1.84,1.96,0
Rhyme,Flutriafol,GD-16-1,11/14/2024,2,2000,2,,7,2.3,2.32,2.3,2.32,0
Rhyme,Flutriafol,GD-16-1,11/14/2024,2,2000,3,,7,2.64,2.54,2.64,2.54,0
Omega,Fluazinam,GD-16-1,11/14/2024,2,0,1,1,7,5.24,4.26,2.15,2.82,12.77010268
Omega,Fluazinam,GD-16-1,11/14/2024,2,0,2,1,7,23.95,30.95,5.19,4.81,562.5717413
Omega,Fluazinam,GD-16-1,11/14/2024,2,0,3,1,7,6.23,5.45,1.19,2.26,24.5547663
Omega,Fluazinam,GD-16-1,11/14/2024,2,0.01,1,1,7,20.76,19.78,2.65,2.66,316.9739699
Omega,Fluazinam,GD-16-1,11/14/2024,2,0.01,2,2,7,5.92,5.45,2.71,2.93,19.10378898
Omega,Fluazinam,GD-16-1,11/14/2024,2,0.01,3,1,7,29.01,17.07,3.97,3.38,378.39077
Omega,Fluazinam,GD-16-1,11/14/2024,2,0.1,1,,7,2.01,1.94,2.01,1.94,0
Omega,Fluazinam,GD-16-1,11/14/2024,2,0.1,2,4,7,6.09,4.5,2.22,1.38,19.11769053
Omega,Fluazinam,GD-16-1,11/14/2024,2,0.1,3,1,7,3.38,2.83,2.54,2.41,2.704911229
Omega,Fluazinam,GD-16-1,11/14/2024,2,1,1,2,7,7.38,6.23,2.59,2.42,31.18784638
Omega,Fluazinam,GD-16-1,11/14/2024,2,1,2,1,7,7.45,4.59,4.46,5.61,7.205949486
Omega,Fluazinam,GD-16-1,11/14/2024,2,1,3,1,7,2.73,3.33,2.48,1.9,3.439179959
Omega,Fluazinam,GD-16-1,11/14/2024,2,10,1,1,7,5.26,4.72,3.39,3.17,11.05911281
Omega,Fluazinam,GD-16-1,11/14/2024,2,10,2,,7,3.09,3.67,3.09,3.67,0
Omega,Fluazinam,GD-16-1,11/14/2024,2,10,3,1,7,3.68,3.39,3.6,3.02,1.259150314
Omega,Fluazinam,GD-16-1,11/14/2024,2,100,1,6,7,6.99,6.53,4.72,4.51,19.13033544
Omega,Fluazinam,GD-16-1,11/14/2024,2,100,2,7,7,3.2,3.8,2.43,2.07,5.59981027
Omega,Fluazinam,GD-16-1,11/14/2024,2,100,3,,7,1.8,1.6,1.8,1.6,0
Omega,Fluazinam,GD-16-1,11/14/2024,2,500,1,,7,5.43,4.97,5.43,4.97,0
Omega,Fluazinam,GD-16-1,11/14/2024,2,500,2,,7,4.17,2.85,4.17,2.85,0
Omega,Fluazinam,GD-16-1,11/14/2024,2,500,3,,7,1.82,1.96,1.82,1.96,0
Omega,Fluazinam,GD-16-1,11/14/2024,2,1000,1,,7,1.96,2.25,1.96,2.25,0
Omega,Fluazinam,GD-16-1,11/14/2024,2,1000,2,,7,2.39,2.17,2.39,2.17,0
Omega,Fluazinam,GD-16-1,11/14/2024,2,1000,3,,7,2.67,1.84,2.67,1.84,0
Omega,Fluazinam,GD-16-1,11/14/2024,2,1500,1,,7,1.4,1.82,1.4,1.82,0
Omega,Fluazinam,GD-16-1,11/14/2024,2,1500,2,,7,1.82,2.18,1.82,2.18,0
Omega,Fluazinam,GD-16-1,11/14/2024,2,1500,3,,7,3.14,2.58,3.14,2.58,0
Omega,Fluazinam,GD-16-1,11/14/2024,2,2000,1,,7,1.38,2.17,1.38,2.17,0
Omega,Fluazinam,GD-16-1,11/14/2024,2,2000,2,,7,3.84,2.94,3.84,2.94,0
Omega,Fluazinam,GD-16-1,11/14/2024,2,2000,3,,7,2.9,2.92,2.9,2.92,0
Rhyme,Flutriafol,GD-16-1,12/8/2024,3,0,1,1,7,73.01,75.99,3.13,3.13,4349.717952
Rhyme,Flutriafol,GD-16-1,12/8/2024,3,0,2,1,7,80.47,71.72,2.36,2.46,4528.215233
Rhyme,Flutriafol,GD-16-1,12/8/2024,3,0,3,1,7,7.77,82.2,1.63,1.33,499.9264214
Rhyme,Flutriafol,GD-16-1,12/8/2024,3,0.01,1,1,7,80.79,78.34,3.33,3.01,4962.982196
Rhyme,Flutriafol,GD-16-1,12/8/2024,3,0.01,2,1,7,67.33,51.57,4.06,3.89,2714.661711
Rhyme,Flutriafol,GD-16-1,12/8/2024,3,0.01,3,1,7,29.88,30.85,3.51,3.3,714.8811771
Rhyme,Flutriafol,GD-16-1,12/8/2024,3,0.1,1,1,7,62.66,81.83,2.01,2.04,4023.883278
Rhyme,Flutriafol,GD-16-1,12/8/2024,3,0.1,2,1,7,49.1,69.95,4.6,3.37,2685.310047
Rhyme,Flutriafol,GD-16-1,12/8/2024,3,0.1,3,1,7,41.9,51.96,2.69,2.63,1704.352706
Rhyme,Flutriafol,GD-16-1,12/8/2024,3,1,1,1,7,64.13,84,4.26,4.01,4217.46036
Rhyme,Flutriafol,GD-16-1,12/8/2024,3,1,2,1,7,47.99,36.17,3.68,2.09,1357.252119
Rhyme,Flutriafol,GD-16-1,12/8/2024,3,1,3,1,7,84,68.97,2.26,2.04,4546.567474
Rhyme,Flutriafol,GD-16-1,12/8/2024,3,10,1,1,7,51.22,72.78,3.6,3.89,2916.801911
Rhyme,Flutriafol,GD-16-1,12/8/2024,3,10,2,1,7,70.64,54.78,2.42,2.4,3034.661584
Rhyme,Flutriafol,GD-16-1,12/8/2024,3,10,3,1,7,60.34,36.81,3.67,4.24,1732.238503
Rhyme,Flutriafol,GD-16-1,12/8/2024,3,100,1,1,7,17.55,17.44,4.01,4.96,224.7671275
Rhyme,Flutriafol,GD-16-1,12/8/2024,3,100,2,2,7,24.07,16.36,3.27,3.44,300.4433809
Rhyme,Flutriafol,GD-16-1,12/8/2024,3,100,3,2,7,20.45,27.15,1.58,1.95,433.6469856
Rhyme,Flutriafol,GD-16-1,12/8/2024,3,500,1,,7,5.98,3.78,5.98,3.78,0
Rhyme,Flutriafol,GD-16-1,12/8/2024,3,500,2,1,7,7.63,6.95,2.9,2.9,35.04328736
Rhyme,Flutriafol,GD-16-1,12/8/2024,3,500,3,1,7,9.35,8.31,3.4,3.27,52.29220153
Rhyme,Flutriafol,GD-16-1,12/8/2024,3,1000,1,1,7,45.02,30.15,3.87,3.95,1054.056546
Rhyme,Flutriafol,GD-16-1,12/8/2024,3,1000,2,1,7,28.26,24.66,5.77,5.01,524.6333193
Rhyme,Flutriafol,GD-16-1,12/8/2024,3,1000,3,1,7,11.93,10.3,1.87,1.9,93.71841965
Rhyme,Flutriafol,GD-16-1,12/8/2024,3,1500,1,,7,2.74,2.95,2.74,2.95,0
Rhyme,Flutriafol,GD-16-1,12/8/2024,3,1500,2,,7,7.2,4.5,7.2,4.5,0
Rhyme,Flutriafol,GD-16-1,12/8/2024,3,1500,3,2,7,6.58,6.99,2.72,2.44,30.91122915
Rhyme,Flutriafol,GD-16-1,12/8/2024,3,2000,1,2,7,6.66,8.05,1.05,1.32,41.01898918
Rhyme,Flutriafol,GD-16-1,12/8/2024,3,2000,2,2,7,5.01,6.5,2.81,3.33,18.22728465
Rhyme,Flutriafol,GD-16-1,12/8/2024,3,2000,3,,7,2.01,4.67,2.01,4.67,0
Miravis,Pydiflumetofen,GD-16-1,12/8/2024,3,0,1,1,7,70.95,65.89,2.71,2.36,3666.631185
Miravis,Pydiflumetofen,GD-16-1,12/8/2024,3,0,2,1,7,75.44,81.65,3.81,2.43,4830.526683
Miravis,Pydiflumetofen,GD-16-1,12/8/2024,3,0,3,1,7,53.75,54.73,3.18,3.03,2302.867565
Miravis,Pydiflumetofen,GD-16-1,12/8/2024,3,0.01,1,1,7,20.98,32.5,3.4,3.2,526.9785967
Miravis,Pydiflumetofen,GD-16-1,12/8/2024,3,0.01,2,1,7,40.52,22.82,2.98,2.98,719.2566302
Miravis,Pydiflumetofen,GD-16-1,12/8/2024,3,0.01,3,1,7,44.22,31.02,3.68,2.01,1071.524665
Miravis,Pydiflumetofen,GD-16-1,12/8/2024,3,0.1,1,1,7,60.34,695,3.64,4.32,32924.34221
Miravis,Pydiflumetofen,GD-16-1,12/8/2024,3,0.1,2,1,7,27.33,25.63,2.04,2.44,546.236795
Miravis,Pydiflumetofen,GD-16-1,12/8/2024,3,0.1,3,1,7,34.95,31.29,3.78,3.88,847.3810651
Miravis,Pydiflumetofen,GD-16-1,12/8/2024,3,1,1,1,7,83.04,55.04,1.88,1.95,3586.79994
Miravis,Pydiflumetofen,GD-16-1,12/8/2024,3,1,2,1,7,8.98,7.73,2.01,2.86,50.00378694
Miravis,Pydiflumetofen,GD-16-1,12/8/2024,3,1,3,1,7,30.76,28.98,3.41,4,689.410558
Miravis,Pydiflumetofen,GD-16-1,12/8/2024,3,10,1,1,7,30.82,40.35,1.83,2.41,973.2470877
Miravis,Pydiflumetofen,GD-16-1,12/8/2024,3,10,2,1,7,79.56,64.84,2.18,3.51,4045.600479
Miravis,Pydiflumetofen,GD-16-1,12/8/2024,3,10,3,1,7,26.95,28.45,3.4,2.57,595.323551
Miravis,Pydiflumetofen,GD-16-1,12/8/2024,3,100,1,1,7,70.4,61.43,4.44,4.21,3381.908412
Miravis,Pydiflumetofen,GD-16-1,12/8/2024,3,100,2,1,7,7.08,6.03,2.06,1.85,30.53737963
Miravis,Pydiflumetofen,GD-16-1,12/8/2024,3,100,3,,7,2.35,2.4,2.35,2.4,0
Miravis,Pydiflumetofen,GD-16-1,12/8/2024,3,500,1,1,7,79.28,73.29,2.99,2.72,4557.114429
Miravis,Pydiflumetofen,GD-16-1,12/8/2024,3,500,2,1,7,9.95,12.62,3.05,3.11,91.17176615
Miravis,Pydiflumetofen,GD-16-1,12/8/2024,3,500,3,1,7,10.12,10.89,1.57,1.46,84.7559272
Miravis,Pydiflumetofen,GD-16-1,12/8/2024,3,1000,1,1,7,18.85,19.61,2.84,3.2,283.1835497
Miravis,Pydiflumetofen,GD-16-1,12/8/2024,3,1000,2,,7,3.34,3.22,3.34,3.22,0
Miravis,Pydiflumetofen,GD-16-1,12/8/2024,3,1000,3,,7,3.66,3.04,3.66,3.04,0
Miravis,Pydiflumetofen,GD-16-1,12/8/2024,3,1500,1,,7,2.88,2.83,2.88,2.83,0
Miravis,Pydiflumetofen,GD-16-1,12/8/2024,3,1500,2,5,7,14.74,12.18,3.45,4.55,128.6762557
Miravis,Pydiflumetofen,GD-16-1,12/8/2024,3,1500,3,2,7,50.96,42.56,1.8,1.89,1700.744822
Miravis,Pydiflumetofen,GD-16-1,12/8/2024,3,2000,1,1,7,17.18,18.7,2.62,2.65,246.8687027
Miravis,Pydiflumetofen,GD-16-1,12/8/2024,3,2000,2,,7,2.74,2.14,2.74,2.14,0
Miravis,Pydiflumetofen,GD-16-1,12/8/2024,3,2000,3,2,7,3.71,3.86,2.22,2.2,7.411488182
Inspire,Difenoconazole ,GD-16-1,12/8/2024,3,0,1,1,7,73.19,71.13,3.14,3.67,4079.735689
Inspire,Difenoconazole ,GD-16-1,12/8/2024,3,0,2,1,7,84,84,2.36,2.22,5537.654488
Inspire,Difenoconazole ,GD-16-1,12/8/2024,3,0,3,1,7,56.01,60.45,1.38,1.24,2657.860617
Inspire,Difenoconazole ,GD-16-1,12/8/2024,3,0.01,1,1,7,59.47,32.89,2.37,2.4,1531.74654
Inspire,Difenoconazole ,GD-16-1,12/8/2024,3,0.01,2,1,7,49.73,49,1.89,1.93,1910.969753
Inspire,Difenoconazole ,GD-16-1,12/8/2024,3,0.01,3,1,7,48.54,54.84,2.08,2.09,2087.263442
Inspire,Difenoconazole ,GD-16-1,12/8/2024,3,0.1,1,1,7,32.84,30.65,2.01,2.66,786.3401565
Inspire,Difenoconazole ,GD-16-1,12/8/2024,3,0.1,2,1,7,42.37,43.34,4.08,4.89,1426.569397
Inspire,Difenoconazole ,GD-16-1,12/8/2024,3,0.1,3,1,7,14.35,13.71,1.68,1.6,152.4069037
Inspire,Difenoconazole ,GD-16-1,12/8/2024,3,1,1,1,7,65.22,46.66,5.03,5.24,2369.395422
Inspire,Difenoconazole ,GD-16-1,12/8/2024,3,1,2,1,7,54.88,29.77,1.96,1.9,1280.241082
Inspire,Difenoconazole ,GD-16-1,12/8/2024,3,1,3,1,7,34.31,50.65,3.01,3.04,1357.679376
Inspire,Difenoconazole ,GD-16-1,12/8/2024,3,10,1,1,7,58.78,52.31,2.67,2.38,2409.937046
Inspire,Difenoconazole ,GD-16-1,12/8/2024,3,10,2,1,7,50.44,26.02,1.56,1.77,1028.626218
Inspire,Difenoconazole ,GD-16-1,12/8/2024,3,10,3,1,7,24.08,20.53,2.37,1.86,384.8091223
Inspire,Difenoconazole ,GD-16-1,12/8/2024,3,100,1,1,7,62.92,24.8,4.11,3.83,1213.184652
Inspire,Difenoconazole ,GD-16-1,12/8/2024,3,100,2,1,7,26.16,21.72,3.89,3.91,434.3136316
Inspire,Difenoconazole ,GD-16-1,12/8/2024,3,100,3,1,7,19.17,20.87,1.55,1.67,312.1874394
Inspire,Difenoconazole ,GD-16-1,12/8/2024,3,500,1,1,7,3.14,3.24,2.86,2.91,1.453771976
Inspire,Difenoconazole ,GD-16-1,12/8/2024,3,500,2,1,7,25.93,20.87,2.84,2.74,418.9137018
Inspire,Difenoconazole ,GD-16-1,12/8/2024,3,500,3,1,7,43.13,28,1.88,1.23,946.6620672
Inspire,Difenoconazole ,GD-16-1,12/8/2024,3,1000,1,1,7,34.87,25.21,4.6,4.35,674.7062553
Inspire,Difenoconazole ,GD-16-1,12/8/2024,3,1000,2,1,7,27.55,23.94,2.38,2.38,513.5581844
Inspire,Difenoconazole ,GD-16-1,12/8/2024,3,1000,3,,7,3.55,3.67,3.55,3.67,0
Inspire,Difenoconazole ,GD-16-1,12/8/2024,3,1500,1,1,7,15.35,13.44,4.85,4.86,143.5181601
Inspire,Difenoconazole ,GD-16-1,12/8/2024,3,1500,2,1,7,28.26,27.93,3.85,3.86,608.2443716
Inspire,Difenoconazole ,GD-16-1,12/8/2024,3,1500,3,1,7,9.57,11.11,3.07,2.84,76.65792249
Inspire,Difenoconazole ,GD-16-1,12/8/2024,3,2000,1,1,7,12.52,10.26,2.8,2.35,95.72055661
Inspire,Difenoconazole ,GD-16-1,12/8/2024,3,2000,2,,7,6.09,3.29,6.09,3.29,0
Inspire,Difenoconazole ,GD-16-1,12/8/2024,3,2000,3,1,7,42.21,39.37,4.52,3.45,1292.933194
Cabrio,Pyraclostrobin,GD-16-1,12/8/2024,3,0,1,1,7,42.12,25.81,3.6,3.62,843.584529
Cabrio,Pyraclostrobin,GD-16-1,12/8/2024,3,0,2,1,7,84,84,3.4,3.41,5532.66344
Cabrio,Pyraclostrobin,GD-16-1,12/8/2024,3,0,3,1,7,75.46,84,2.74,2.48,4973.019192
Cabrio,Pyraclostrobin,GD-16-1,12/8/2024,3,0.01,1,1,7,44.54,44.16,2.85,4.05,1535.723482
Cabrio,Pyraclostrobin,GD-16-1,12/8/2024,3,0.01,2,1,7,82.24,74.69,3.96,4.8,4809.383687
Cabrio,Pyraclostrobin,GD-16-1,12/8/2024,3,0.01,3,1,7,46.78,29.43,2.84,2.98,1074.638455
Cabrio,Pyraclostrobin,GD-16-1,12/8/2024,3,0.1,1,1,7,70.17,84,3.98,3.7,4617.790834
Cabrio,Pyraclostrobin,GD-16-1,12/8/2024,3,0.1,2,1,7,84,68.78,2,2.78,4533.286706
Cabrio,Pyraclostrobin,GD-16-1,12/8/2024,3,0.1,3,1,7,27.23,32.98,3.08,3.8,696.1308958
Cabrio,Pyraclostrobin,GD-16-1,12/8/2024,3,1,1,1,7,51.74,43.57,3.21,2.59,1764.002596
Cabrio,Pyraclostrobin,GD-16-1,12/8/2024,3,1,2,1,7,8.65,10.51,4.1,4.08,58.26358366
Cabrio,Pyraclostrobin,GD-16-1,12/8/2024,3,1,3,1,7,69.83,81.82,4.72,4.63,4470.20117
Cabrio,Pyraclostrobin,GD-16-1,12/8/2024,3,10,1,1,7,84,84,2.3,2.01,5538.138451
Cabrio,Pyraclostrobin,GD-16-1,12/8/2024,3,10,2,1,7,15.35,16.58,4.01,4.36,186.1545983
Cabrio,Pyraclostrobin,GD-16-1,12/8/2024,3,10,3,1,7,35.37,61.61,2.3,2.32,1707.306117
Cabrio,Pyraclostrobin,GD-16-1,12/8/2024,3,100,1,1,7,24.05,19.19,4.36,4.54,346.9300763
Cabrio,Pyraclostrobin,GD-16-1,12/8/2024,3,100,2,1,7,79.67,66.06,3.29,3.84,4123.628214
Cabrio,Pyraclostrobin,GD-16-1,12/8/2024,3,100,3,2,7,47.86,50.8,2.34,2.3,1905.302084
Cabrio,Pyraclostrobin,GD-16-1,12/8/2024,3,500,1,1,7,84,75.99,3.2,3.21,5005.254445
Cabrio,Pyraclostrobin,GD-16-1,12/8/2024,3,500,2,1,7,14.53,9.36,4.55,8.41,76.76112381
Cabrio,Pyraclostrobin,GD-16-1,12/8/2024,3,500,3,1,7,12.91,12.63,3.51,3.23,119.1574657
Cabrio,Pyraclostrobin,GD-16-1,12/8/2024,3,1000,1,1,7,40.5,26.32,2.97,2.8,830.671641
Cabrio,Pyraclostrobin,GD-16-1,12/8/2024,3,1000,2,1,7,59.35,84,3.92,3.78,3903.886221
Cabrio,Pyraclostrobin,GD-16-1,12/8/2024,3,1000,3,1,7,74.98,78.96,1.27,1.89,4648.002352
Cabrio,Pyraclostrobin,GD-16-1,12/8/2024,3,1500,1,1,7,71.02,43.46,3.94,3.6,2413.014236
Cabrio,Pyraclostrobin,GD-16-1,12/8/2024,3,1500,2,1,7,8.44,9.25,2.71,2.81,55.33514812
Cabrio,Pyraclostrobin,GD-16-1,12/8/2024,3,1500,3,1,7,84,84,1.95,5.29,5533.667572
Cabrio,Pyraclostrobin,GD-16-1,12/8/2024,3,2000,1,1,7,9.36,9.88,4.33,6.42,50.79813863
Cabrio,Pyraclostrobin,GD-16-1,12/8/2024,3,2000,2,1,7,84,84,2.83,2.81,5535.523625
Cabrio,Pyraclostrobin,GD-16-1,12/8/2024,3,2000,3,1,7,66.29,43.24,4.57,5.01,2233.266995
Topsin M,Thiophanate-methyl,GD-16-1,12/8/2024,3,0,1,1,7,53.49,48.45,2.53,2.39,2030.681317
Topsin M,Thiophanate-methyl,GD-16-1,12/8/2024,3,0,2,1,7,30.05,34.17,2.35,2.91,801.0825511
Topsin M,Thiophanate-methyl,GD-16-1,12/8/2024,3,0,3,1,7,79.12,70.74,3.03,4.72,4384.600783
Topsin M,Thiophanate-methyl,GD-16-1,12/8/2024,3,0.01,1,1,7,59.93,53.44,2.32,2.12,2511.499708
Topsin M,Thiophanate-methyl,GD-16-1,12/8/2024,3,0.01,2,1,7,73.66,59.59,5.15,4.22,3430.35711
Topsin M,Thiophanate-methyl,GD-16-1,12/8/2024,3,0.01,3,1,7,38.53,53.51,1.98,2.64,1615.181584
Topsin M,Thiophanate-methyl,GD-16-1,12/8/2024,3,0.1,1,1,7,49.92,24.17,1.98,2.16,944.2760276
Topsin M,Thiophanate-methyl,GD-16-1,12/8/2024,3,0.1,2,1,7,77.2,68.13,2.34,2.35,4126.58948
Topsin M,Thiophanate-methyl,GD-16-1,12/8/2024,3,0.1,3,1,7,68.58,84,3.8,3.86,4512.938611
Topsin M,Thiophanate-methyl,GD-16-1,12/8/2024,3,1,1,1,7,33.82,30.78,2.04,2.04,814.3149391
Topsin M,Thiophanate-methyl,GD-16-1,12/8/2024,3,1,2,1,7,38.62,25.11,3.54,3.4,752.1853901
Topsin M,Thiophanate-methyl,GD-16-1,12/8/2024,3,1,3,1,7,30.74,21.86,2.47,2.88,522.1820131
Topsin M,Thiophanate-methyl,GD-16-1,12/8/2024,3,10,1,1,7,45.34,28.1,3.12,3.04,993.1903102
Topsin M,Thiophanate-methyl,GD-16-1,12/8/2024,3,10,2,1,7,23,21.62,1.71,2.28,387.4849738
Topsin M,Thiophanate-methyl,GD-16-1,12/8/2024,3,10,3,1,7,16.63,23.84,3.74,4.79,297.3082285
Topsin M,Thiophanate-methyl,GD-16-1,12/8/2024,3,100,1,1,7,35.68,22.74,2.22,2.17,633.4595792
Topsin M,Thiophanate-methyl,GD-16-1,12/8/2024,3,100,2,1,7,43.22,20.44,3.92,3.11,684.2589745
Topsin M,Thiophanate-methyl,GD-16-1,12/8/2024,3,100,3,1,7,30.3,34.6,2.06,2.33,819.6259585
Topsin M,Thiophanate-methyl,GD-16-1,12/8/2024,3,500,1,1,7,25.26,15.45,2.63,2.44,301.4749228
Topsin M,Thiophanate-methyl,GD-16-1,12/8/2024,3,500,2,1,7,22.9,29.95,2.47,2.54,533.7418173
Topsin M,Thiophanate-methyl,GD-16-1,12/8/2024,3,500,3,1,7,64.35,33.3,3.17,3.04,1675.425628
Topsin M,Thiophanate-methyl,GD-16-1,12/8/2024,3,1000,1,1,7,34.69,40.79,2.6,3.06,1105.09376
Topsin M,Thiophanate-methyl,GD-16-1,12/8/2024,3,1000,2,1,7,52.58,39.17,2.14,1.99,1614.228818
Topsin M,Thiophanate-methyl,GD-16-1,12/8/2024,3,1000,3,1,7,36.95,37.69,3.13,3.84,1084.341342
Topsin M,Thiophanate-methyl,GD-16-1,12/8/2024,3,1500,1,1,7,47.67,33.36,2.78,2.87,1242.729681
Topsin M,Thiophanate-methyl,GD-16-1,12/8/2024,3,1500,2,1,7,19.61,18.87,3.11,2.9,283.5457753
Topsin M,Thiophanate-methyl,GD-16-1,12/8/2024,3,1500,3,1,7,62.72,60.56,4.35,5.32,2965.02033
Topsin M,Thiophanate-methyl,GD-16-1,12/8/2024,3,2000,1,1,7,38.77,41.55,2.34,2.41,1260.7636
Topsin M,Thiophanate-methyl,GD-16-1,12/8/2024,3,2000,2,1,7,33.58,31.48,2.37,2.5,825.5896437
Topsin M,Thiophanate-methyl,GD-16-1,12/8/2024,3,2000,3,1,7,30.67,49.37,1.39,1.15,1187.977062
Aprovia,Benzovindiflupyr,GD-16-1,12/8/2024,3,0,1,1,7,63.57,49.73,4.66,4.02,2468.194504
Aprovia,Benzovindiflupyr,GD-16-1,12/8/2024,3,0,2,1,7,81.33,84,2.88,3.14,5358.517737
Aprovia,Benzovindiflupyr,GD-16-1,12/8/2024,3,0,3,1,7,84,84,3.28,3.12,5533.731896
Aprovia,Benzovindiflupyr,GD-16-1,12/8/2024,3,0.01,1,2,7,14.04,16.17,2.67,2.48,173.1058363
Aprovia,Benzovindiflupyr,GD-16-1,12/8/2024,3,0.01,2,,7,2.56,2.36,2.56,2.36,0
Aprovia,Benzovindiflupyr,GD-16-1,12/8/2024,3,0.01,3,2,7,18.91,17.4,3.37,3.19,249.9794292
Aprovia,Benzovindiflupyr,GD-16-1,12/8/2024,3,0.1,1,,7,2.73,1.08,2.73,1.08,0
Aprovia,Benzovindiflupyr,GD-16-1,12/8/2024,3,0.1,2,,7,2.54,2.48,2.54,2.48,0
Aprovia,Benzovindiflupyr,GD-16-1,12/8/2024,3,0.1,3,1,7,11.3,12.31,2.63,2.84,103.384943
Aprovia,Benzovindiflupyr,GD-16-1,12/8/2024,3,1,1,6,7,3.52,3.7,2.35,1.99,6.556111057
Aprovia,Benzovindiflupyr,GD-16-1,12/8/2024,3,1,2,1,7,41.98,37.14,2.99,2.27,1219.21274
Aprovia,Benzovindiflupyr,GD-16-1,12/8/2024,3,1,3,4,7,55.86,24.05,2.4,2.84,1049.776519
Aprovia,Benzovindiflupyr,GD-16-1,12/8/2024,3,10,1,1,7,9.41,10.86,3.43,3.19,71.66828805
Aprovia,Benzovindiflupyr,GD-16-1,12/8/2024,3,10,2,2,7,6.64,6.94,2.63,2.61,30.80119487
Aprovia,Benzovindiflupyr,GD-16-1,12/8/2024,3,10,3,5,7,17.25,13.93,2.29,2.02,185.0921902
Aprovia,Benzovindiflupyr,GD-16-1,12/8/2024,3,100,1,,7,2.15,2.36,2.15,2.36,0
Aprovia,Benzovindiflupyr,GD-16-1,12/8/2024,3,100,2,,7,3.61,3.04,3.61,3.04,0
Aprovia,Benzovindiflupyr,GD-16-1,12/8/2024,3,100,3,,7,5.45,2.18,5.45,2.18,0
Aprovia,Benzovindiflupyr,GD-16-1,12/8/2024,3,500,1,,7,2.45,2.42,2.45,2.42,0
Aprovia,Benzovindiflupyr,GD-16-1,12/8/2024,3,500,2,,7,1.99,2.08,1.99,2.08,0
Aprovia,Benzovindiflupyr,GD-16-1,12/8/2024,3,500,3,,7,2.36,2.47,2.36,2.47,0
Aprovia,Benzovindiflupyr,GD-16-1,12/8/2024,3,1000,1,,7,1.97,2.23,1.97,2.23,0
Aprovia,Benzovindiflupyr,GD-16-1,12/8/2024,3,1000,2,,7,2.67,2.51,2.67,2.51,0
Aprovia,Benzovindiflupyr,GD-16-1,12/8/2024,3,1000,3,,7,1.73,1.74,1.73,1.74,0
Aprovia,Benzovindiflupyr,GD-16-1,12/8/2024,3,1500,1,,7,1.99,2.3,1.99,2.3,0
Aprovia,Benzovindiflupyr,GD-16-1,12/8/2024,3,1500,2,,7,2.84,2.8,2.84,2.8,0
Aprovia,Benzovindiflupyr,GD-16-1,12/8/2024,3,1500,3,,7,2.02,1.88,2.02,1.88,0
Aprovia,Benzovindiflupyr,GD-16-1,12/8/2024,3,2000,1,,7,2.31,2.75,2.31,2.75,0
Aprovia,Benzovindiflupyr,GD-16-1,12/8/2024,3,2000,2,,7,3.96,3.84,3.96,3.84,0
Aprovia,Benzovindiflupyr,GD-16-1,12/8/2024,3,2000,3,,7,1.84,1.96,1.84,1.96,0
Vellum Prime,Fluopyram,GD-16-1,12/8/2024,3,0,1,1,7,68.87,47.06,2.97,3.69,2536.885426
Vellum Prime,Fluopyram,GD-16-1,12/8/2024,3,0,2,1,7,26.38,28.15,3.59,3.51,573.3375864
Vellum Prime,Fluopyram,GD-16-1,12/8/2024,3,0,3,1,7,31.47,28.28,4.31,4.23,684.6632189
Vellum Prime,Fluopyram,GD-16-1,12/8/2024,3,0.01,1,1,7,46.02,52.88,2.98,2.65,1905.09364
Vellum Prime,Fluopyram,GD-16-1,12/8/2024,3,0.01,2,1,7,17.03,17.63,2.38,2.29,231.5264996
Vellum Prime,Fluopyram,GD-16-1,12/8/2024,3,0.01,3,1,7,48.73,46.21,2.93,2.86,1761.988521
Vellum Prime,Fluopyram,GD-16-1,12/8/2024,3,0.1,1,1,7,55.24,39.87,2.9,2.76,1723.489324
Vellum Prime,Fluopyram,GD-16-1,12/8/2024,3,0.1,2,1,7,33.78,29,2.82,3.19,762.326451
Vellum Prime,Fluopyram,GD-16-1,12/8/2024,3,0.1,3,1,7,23.87,25.88,2.71,2.48,479.9056015
Vellum Prime,Fluopyram,GD-16-1,12/8/2024,3,1,1,1,7,21.06,17.04,4.22,4.12,268.1946187
Vellum Prime,Fluopyram,GD-16-1,12/8/2024,3,1,2,1,7,47.58,52.34,3.31,3.58,1946.599419
Vellum Prime,Fluopyram,GD-16-1,12/8/2024,3,1,3,1,7,36.34,27.01,1.33,1.28,769.5653087
Vellum Prime,Fluopyram,GD-16-1,12/8/2024,3,10,1,1,7,40.28,58.61,2.13,2.28,1850.362227
Vellum Prime,Fluopyram,GD-16-1,12/8/2024,3,10,2,1,7,63.61,49.37,4.28,3.81,2453.677204
Vellum Prime,Fluopyram,GD-16-1,12/8/2024,3,10,3,1,7,34.39,42.21,3.67,3.41,1130.256425
Vellum Prime,Fluopyram,GD-16-1,12/8/2024,3,100,1,1,7,22.82,21.86,3.28,4.08,381.281585
Vellum Prime,Fluopyram,GD-16-1,12/8/2024,3,100,2,1,7,16.18,23.26,4.01,4.22,282.2914159
Vellum Prime,Fluopyram,GD-16-1,12/8/2024,3,100,3,1,7,28.66,23.07,2.22,2.06,515.7026355
Vellum Prime,Fluopyram,GD-16-1,12/8/2024,3,500,1,1,7,16.1,13.74,2.74,2.65,168.0382904
Vellum Prime,Fluopyram,GD-16-1,12/8/2024,3,500,2,1,7,19.43,16.85,2.21,1.61,254.3412949
Vellum Prime,Fluopyram,GD-16-1,12/8/2024,3,500,3,1,7,22.61,22.09,5.75,3.97,374.3422782
Vellum Prime,Fluopyram,GD-16-1,12/8/2024,3,1000,1,1,7,4.76,7.02,1.95,1.87,23.38028191
Vellum Prime,Fluopyram,GD-16-1,12/8/2024,3,1000,2,1,7,51.84,31.39,2.79,2.74,1272.041054
Vellum Prime,Fluopyram,GD-16-1,12/8/2024,3,1000,3,1,7,30.4,21.52,2.72,2.54,508.3875942
Vellum Prime,Fluopyram,GD-16-1,12/8/2024,3,1500,1,1,7,74.1,71.92,4.12,3.35,4174.760304
Vellum Prime,Fluopyram,GD-16-1,12/8/2024,3,1500,2,1,7,9.69,5.66,1.65,2.24,40.17264413
Vellum Prime,Fluopyram,GD-16-1,12/8/2024,3,1500,3,1,7,22.3,18.66,4.25,4.25,312.6320533
Vellum Prime,Fluopyram,GD-16-1,12/8/2024,3,2000,1,1,7,24.69,29.15,1.69,1.87,562.7795577
Vellum Prime,Fluopyram,GD-16-1,12/8/2024,3,2000,2,1,7,20.14,22.29,4.36,4.59,336.8637068
Vellum Prime,Fluopyram,GD-16-1,12/8/2024,3,2000,3,1,7,23.61,24.79,3.92,4.09,447.095044
Omega,Fluazinam,GD-16-1,12/8/2024,3,0,1,1,7,84,84,5.15,2.62,5531.171969
Omega,Fluazinam,GD-16-1,12/8/2024,3,0,2,1,7,71.96,81.99,4.39,3.61,4621.402488
Omega,Fluazinam,GD-16-1,12/8/2024,3,0,3,1,7,81.6,82.08,3.33,2.74,5253.217051
Omega,Fluazinam,GD-16-1,12/8/2024,3,0.01,1,1,7,50.21,36.9,3.71,3.41,1445.209486
Omega,Fluazinam,GD-16-1,12/8/2024,3,0.01,2,1,7,26.89,23,2.16,2.47,481.5549376
Omega,Fluazinam,GD-16-1,12/8/2024,3,0.01,3,1,7,79.93,71.86,2.46,2.37,4506.567147
Omega,Fluazinam,GD-16-1,12/8/2024,3,0.1,1,1,7,7,11.73,5.03,4.17,48.01523736
Omega,Fluazinam,GD-16-1,12/8/2024,3,0.1,2,1,7,80.61,84,2.7,5.19,5307.113585
Omega,Fluazinam,GD-16-1,12/8/2024,3,0.1,3,2,7,7.19,3.25,2.25,1.96,14.88918543
Omega,Fluazinam,GD-16-1,12/8/2024,3,1,1,6,7,6.15,4.11,2.48,2.36,15.25533805
Omega,Fluazinam,GD-16-1,12/8/2024,3,1,2,2,7,9.1,6.26,2.82,2.16,39.9569738
Omega,Fluazinam,GD-16-1,12/8/2024,3,1,3,1,7,8.17,8.84,4.44,4.46,41.17088518
Omega,Fluazinam,GD-16-1,12/8/2024,3,10,1,1,7,53.44,43.48,4.66,3.84,1810.874293
Omega,Fluazinam,GD-16-1,12/8/2024,3,10,2,1,7,7.58,7.05,3.64,2.38,35.16683048
Omega,Fluazinam,GD-16-1,12/8/2024,3,10,3,3,7,5.64,3.6,1.98,1.94,12.92985266
Omega,Fluazinam,GD-16-1,12/8/2024,3,100,1,2,7,6.55,4.8,3.8,4.13,12.36687927
Omega,Fluazinam,GD-16-1,12/8/2024,3,100,2,,7,2.58,2.46,2.58,2.46,0
Omega,Fluazinam,GD-16-1,12/8/2024,3,100,3,1,7,11.11,11.08,3.28,2.36,90.60195979
Omega,Fluazinam,GD-16-1,12/8/2024,3,500,1,,7,2.36,2.37,2.36,2.37,0
Omega,Fluazinam,GD-16-1,12/8/2024,3,500,2,1,7,5.07,5.83,4.34,4.78,6.921635356
Omega,Fluazinam,GD-16-1,12/8/2024,3,500,3,2,7,1.35,1.48,1.35,1.48,0
Omega,Fluazinam,GD-16-1,12/8/2024,3,1000,1,2,7,6.49,8.66,3,2.75,37.66251165
Omega,Fluazinam,GD-16-1,12/8/2024,3,1000,2,,7,2.34,2.82,2.34,2.82,0
Omega,Fluazinam,GD-16-1,12/8/2024,3,1000,3,2,7,5.99,7.62,3.54,3.27,26.75694417
Omega,Fluazinam,GD-16-1,12/8/2024,3,1500,1,4,7,5.78,7.08,3.94,3.8,20.38139615
Omega,Fluazinam,GD-16-1,12/8/2024,3,1500,2,,7,3.66,3.54,3.66,3.54,0
Omega,Fluazinam,GD-16-1,12/8/2024,3,1500,3,,7,4.18,4.12,4.18,4.12,0
Omega,Fluazinam,GD-16-1,12/8/2024,3,2000,1,,7,2.73,2.48,2.73,2.48,0
Omega,Fluazinam,GD-16-1,12/8/2024,3,2000,2,,7,1.82,1.36,1.82,1.36,0
Omega,Fluazinam,GD-16-1,12/8/2024,3,2000,3,,7,3.67,3.46,3.67,3.46,0
Fontelis,Penthiopyrad,GD-16-1,12/8/2024,3,0,1,1,7,39.59,18.44,3.23,3.94,563.3766173
Fontelis,Penthiopyrad,GD-16-1,12/8/2024,3,0,2,1,7,84,84,3.42,3.32,5532.851622
Fontelis,Penthiopyrad,GD-16-1,12/8/2024,3,0,3,1,7,84,84,3.98,4.08,5529.015737
Fontelis,Penthiopyrad,GD-16-1,12/8/2024,3,0.01,1,3,7,38.58,37.67,2.05,2.58,1137.271915
Fontelis,Penthiopyrad,GD-16-1,12/8/2024,3,0.01,2,2,7,6.01,10.08,2.48,3.58,40.60696931
Fontelis,Penthiopyrad,GD-16-1,12/8/2024,3,0.01,3,3,7,51.22,62.75,2.73,4.71,2514.213966
Fontelis,Penthiopyrad,GD-16-1,12/8/2024,3,0.1,1,2,7,29.9,32.27,2.72,2.47,752.5328503
Fontelis,Penthiopyrad,GD-16-1,12/8/2024,3,0.1,2,1,7,52.55,62.62,5.51,4.83,2563.592733
Fontelis,Penthiopyrad,GD-16-1,12/8/2024,3,0.1,3,2,7,15.54,11.69,3.65,3.24,133.3893514
Fontelis,Penthiopyrad,GD-16-1,12/8/2024,3,1,1,1,7,40.06,45.98,3.31,3.26,1438.196117
Fontelis,Penthiopyrad,GD-16-1,12/8/2024,3,1,2,2,7,64.66,51.51,3.13,2.88,2608.795931
Fontelis,Penthiopyrad,GD-16-1,12/8/2024,3,1,3,1,7,28.98,41.04,3.58,3.95,922.9984922
Fontelis,Penthiopyrad,GD-16-1,12/8/2024,3,10,1,2,7,9.7,8.7,3.48,3.9,55.62032619
Fontelis,Penthiopyrad,GD-16-1,12/8/2024,3,10,2,3,7,46.08,38.99,3.08,3.01,1403.811543
Fontelis,Penthiopyrad,GD-16-1,12/8/2024,3,10,3,2,7,14.61,20.57,3.12,3.85,226.599697
Fontelis,Penthiopyrad,GD-16-1,12/8/2024,3,100,1,4,7,12.17,14.58,3.12,3.44,130.9304269
Fontelis,Penthiopyrad,GD-16-1,12/8/2024,3,100,2,3,7,23.1,21.52,7.58,3.76,368.0463695
Fontelis,Penthiopyrad,GD-16-1,12/8/2024,3,100,3,3,7,11.16,8.69,3.69,3.36,66.43054632
Fontelis,Penthiopyrad,GD-16-1,12/8/2024,3,500,1,5,7,16.11,10.86,4.38,4.14,123.1672374
Fontelis,Penthiopyrad,GD-16-1,12/8/2024,3,500,2,3,7,10.85,9.72,2.08,2.74,78.35351856
Fontelis,Penthiopyrad,GD-16-1,12/8/2024,3,500,3,3,7,9.95,11.06,3.61,3.74,75.82673563
Fontelis,Penthiopyrad,GD-16-1,12/8/2024,3,1000,1,6,7,8.31,7.37,3.71,4.5,34.98925196
Fontelis,Penthiopyrad,GD-16-1,12/8/2024,3,1000,2,4,7,9.15,9.78,5.33,3.67,54.9196725
Fontelis,Penthiopyrad,GD-16-1,12/8/2024,3,1000,3,6,7,30.91,27.54,3.82,4.09,656.3082251
Fontelis,Penthiopyrad,GD-16-1,12/8/2024,3,1500,1,5,7,27.06,17.66,3.03,2.94,368.32927
Fontelis,Penthiopyrad,GD-16-1,12/8/2024,3,1500,2,1,7,75.97,45.11,2.34,2.13,2687.650141
Fontelis,Penthiopyrad,GD-16-1,12/8/2024,3,1500,3,3,7,24.92,22.69,3.54,3.44,434.5271814
Fontelis,Penthiopyrad,GD-16-1,12/8/2024,3,2000,1,3,7,6.95,6.38,6.02,3.32,19.12805778
Fontelis,Penthiopyrad,GD-16-1,12/8/2024,3,2000,2,5,7,6.85,6.4,5.89,5.73,7.924902953
Fontelis,Penthiopyrad,GD-16-1,12/8/2024,3,2000,3,6,7,4.08,3.93,4.81,3.12,0.80676098
